Income,Age,Dependents,Occupation,City_Tier,Rent,Loan_Repayment,Insurance,Groceries,Transport,Eating_Out,Entertainment,Utilities,Healthcare,Education,Miscellaneous,Desired_Savings_Percentage,Desired_Savings,Disposable_Income,Potential_Savings_Groceries,Potential_Savings_Transport,Potential_Savings_Eating_Out,Potential_Savings_Entertainment,Potential_Savings_Utilities,Potential_Savings_Healthcare,Potential_Savings_Education,Potential_Savings_Miscellaneous
58931.19,60,2,Freelancer,Tier 1,15377.0,595.07,2647.57,6779.59,3123.3,6057.99,4130.08,1991.72,1590.24,3477.69,1717.66,23.3,13730.97,11443.28,864.93,702.76,688.8,426.98,263.32,308.58,517.64,190.27
35087.79,50,1,Salaried,Tier 3,9733.99,4403.42,1080.96,2499.42,1186.41,2028.05,1489.6,1984.23,1612.32,1839.14,740.5,20.4,7157.91,6489.75,637.84,321.28,409.97,333.09,325.82,409.35,307.18,84.37
98456.03,36,1,Business Owner,Tier 1,25131.46,7593.2,3514.15,6124.04,4211.17,11629.44,6389.7,2346.32,2397.34,2786.31,5044.03,31.3,30816.74,21288.87,1589.24,1096.98,2221.26,719.6,340.19,290.19,759.58,948.8
56246.3,29,0,Salaried,Tier 1,13647.3,10532.31,3102.82,6757.34,5487.65,3747.43,4290.56,2992.4,1265.23,0.0,2273.33,15.7,8830.67,2149.93,1402.72,594.17,949.72,521.61,824.6,321.1,0.0,342.16
64837.87,42,0,Freelancer,Tier 1,12768.57,7028.3,3533.29,3977.42,3888.51,6431.5,1897.28,2066.9,1803.3,0.0,2088.92,16.0,10374.06,19353.88,644.09,683.51,1491.85,436.47,405.89,428.69,0.0,520.33
60076.21,60,2,Salaried,Tier 2,12654.38,11290.14,3057.45,8992.86,4460.14,3618.43,2274.32,2671.23,1133.08,2895.59,3436.35,19.3,11594.71,3592.24,1160.14,476.98,684.57,369.57,567.95,281.38,846.36,779.49
80908.68,40,2,Government Employee,Tier 1,16828.52,3567.81,2872.86,5529.72,6539.67,5056.42,6084.62,2775.53,3621.15,6116.73,1002.62,15.8,12783.57,20913.03,1367.84,787.47,732.84,1031.99,607.11,894.04,1004.22,255.17
61874.62,44,0,Business Owner,Tier 1,16251.85,8980.8,2896.47,6769.96,3445.63,3606.57,2083.7,3473.54,2525.23,0.0,3248.95,24.0,14849.91,8591.92,1491.27,759.01,884.95,411.24,791.7,490.19,0.0,535.87
68757.09,32,3,Salaried,Tier 1,11963.1,8488.05,2450.84,6266.35,2771.32,6319.3,5086.05,4624.97,2347.64,296.83,4117.11,13.4,9213.45,14025.53,1448.1,761.46,1526.57,1504.02,920.88,334.02,77.87,1021.47
57288.27,32,2,Self-Employed,Tier 1,19097.52,8471.88,3063.79,3588.46,2547.07,4282.4,4507.05,3772.65,1690.94,1773.65,3113.45,18.0,10311.89,1379.41,365.07,315.75,559.54,1320.96,390.75,350.58,446.57,848.29
64707.27,45,0,Government Employee,Tier 2,19032.42,2778.11,1950.2,3415.53,3360.16,7401.08,3644.75,3181.74,3588.22,0.0,3269.13,32.8,21223.98,13085.93,975.15,639.16,2094.14,667.91,531.17,1046.31,0.0,552.66
46161.78,57,3,Self-Employed,Tier 2,10630.56,6139.47,2701.01,5182.73,3440.2,2081.39,3101.26,1990.98,528.84,3869.99,1325.55,20.2,9324.68,5169.8,586.99,970.74,234.95,474.8,272.32,115.13,503.94,222.66
101882.34,61,4,Salaried,Tier 1,18514.55,10148.3,5768.18,13313.55,5896.91,3062.2,6364.41,6206.17,4936.75,6665.45,2197.16,28.7,29240.23,18808.71,2308.05,1550.06,339.93,1021.61,1464.83,504.58,1600.65,615.18
51216.5,45,4,Self-Employed,Tier 2,16716.99,7608.98,2411.28,6873.33,1560.93,3038.48,3020.1,2774.21,2821.8,1410.66,2393.99,12.8,6555.71,585.75,1240.93,318.33,417.7,464.36,308.88,315.88,213.76,263.24
46703.9,24,0,Self-Employed,Tier 2,14700.31,3054.85,1119.53,4589.66,3112.28,3814.37,1470.48,1362.74,1509.36,0.0,1178.28,16.2,7566.03,10792.04,460.21,791.5,1075.24,303.58,289.94,450.65,0.0,200.35
70247.67,43,2,Business Owner,Tier 1,20677.0,12504.89,1164.89,8973.83,6638.82,7451.87,983.23,4288.34,2636.71,2258.76,1320.8,30.2,21214.8,1348.53,1789.54,1357.9,1520.18,217.66,609.49,301.61,284.26,163.43
71337.0,23,1,Business Owner,Tier 1,14574.82,1202.76,3761.97,8366.74,6195.29,3896.4,2426.43,2956.51,4082.13,7121.1,3518.79,29.1,20759.07,13234.06,2096.39,815.41,1003.67,479.84,856.71,445.81,1165.46,372.27
36662.32,45,2,Salaried,Tier 3,8450.27,5918.69,669.64,4488.4,3217.66,3130.18,2078.22,1079.68,755.75,3652.17,939.55,19.7,7222.48,2282.11,1187.87,402.04,455.66,377.4,180.42,128.93,405.24,115.16
87686.11,51,4,Salaried,Tier 2,14954.84,15105.15,4622.2,8703.71,7510.67,4824.48,1506.19,2989.21,3157.29,1676.65,4886.05,33.9,29725.59,17749.67,2401.17,1034.02,955.46,214.27,493.35,927.81,403.5,910.02
69917.1,59,2,Self-Employed,Tier 1,13130.98,11427.98,2414.81,7924.49,3681.92,5713.76,757.5,2333.58,2358.73,2186.6,3637.9,32.8,22932.81,14348.85,1565.43,626.61,980.81,148.85,664.32,386.21,608.43,863.61
45404.7,23,3,Salaried,Tier 2,13921.23,4656.04,1377.03,5927.7,3794.18,4925.54,898.04,2086.82,1040.66,2206.87,2378.39,34.1,15483.0,2192.2,1340.41,1085.54,1308.05,151.07,382.87,189.38,501.35,375.44
75983.91,42,3,Salaried,Tier 1,22263.87,6662.04,4191.24,6822.48,3040.97,3277.62,4566.75,2410.1,3869.83,5046.1,3691.18,20.7,15728.67,10141.73,790.75,790.46,342.58,951.34,705.13,877.74,1451.01,996.38
66354.12,54,3,Freelancer,Tier 2,17829.16,13221.22,2666.94,8665.71,5045.58,4009.39,5181.96,1737.04,3648.15,3503.81,3586.05,14.9,9886.76,0.0,1712.41,941.3,596.47,1217.96,182.1,382.41,440.43,672.47
53685.23,33,1,Business Owner,Tier 1,17670.24,2460.63,2084.64,5862.52,4021.55,6406.07,4231.18,1405.72,2635.76,5204.47,2699.69,25.7,13797.1,0.0,767.77,798.74,836.09,959.05,226.7,736.83,611.77,792.75
81826.39,43,0,Business Owner,Tier 1,21819.28,8949.78,3104.35,5448.83,2601.25,8743.62,3647.7,4022.9,1617.54,0.0,3283.33,27.1,22174.95,18587.81,947.71,398.31,2376.85,702.18,938.3,329.8,0.0,954.89
62738.62,46,1,Freelancer,Tier 1,15270.18,8415.45,1791.72,3291.8,5342.69,4797.24,4445.32,3559.66,899.51,1330.34,1555.36,13.1,8218.76,12039.35,545.98,1286.9,928.31,938.9,990.2,173.93,360.66,396.08
43299.09,48,3,Self-Employed,Tier 3,9442.41,6069.39,2133.87,3735.64,4036.66,3102.93,2666.26,1562.09,1743.75,455.06,2355.92,29.7,12859.83,5995.11,690.0,1051.76,561.15,418.53,236.31,474.55,121.14,674.93
42593.6,49,0,Freelancer,Tier 2,14400.46,1738.03,964.32,4458.26,2075.12,2064.09,1919.81,925.67,547.53,0.0,2216.15,10.5,4472.33,11284.16,955.53,306.66,391.96,201.29,264.83,159.12,0.0,535.02
40438.46,37,1,Self-Employed,Tier 1,6734.75,5289.3,2302.76,5418.03,3512.78,2900.28,2025.69,1066.01,1764.79,640.76,1360.51,22.1,8936.9,7422.8,1520.17,380.66,853.8,455.79,233.27,325.93,110.5,379.74
80543.66,36,0,Salaried,Tier 1,27076.96,13182.9,4405.68,5054.0,2880.92,8442.44,1579.13,5294.52,2941.55,0.0,962.81,18.3,14739.49,8722.75,904.15,647.57,2279.91,237.68,1377.64,395.6,0.0,141.82
55417.17,24,2,Salaried,Tier 2,17475.41,554.38,1489.28,7205.38,3989.91,4905.39,4191.55,2475.88,2390.66,1723.68,2323.49,28.5,15793.89,6692.16,2134.42,847.87,1183.54,979.95,444.28,629.08,492.56,392.87
66313.8,58,3,Self-Employed,Tier 1,11670.3,12089.29,3081.81,9038.63,4243.77,3249.67,2296.78,2830.18,2619.96,2167.75,830.9,17.8,11803.86,12194.76,2275.98,765.69,513.76,572.82,403.12,473.3,349.87,208.21
65424.84,28,3,Business Owner,Tier 1,17206.53,386.06,2529.4,4257.11,4462.93,2626.57,2697.5,1432.96,2037.01,70.65,3684.33,30.7,20085.43,24033.79,861.2,1021.02,349.42,763.89,404.45,584.84,12.69,681.28
15329.41,42,0,Salaried,Tier 3,4956.15,1091.37,412.09,2071.91,1453.75,713.14,874.02,865.07,307.26,0.0,890.36,24.9,3817.02,1694.29,474.06,305.47,202.74,254.89,247.95,89.1,0.0,238.14
86596.5,30,3,Salaried,Tier 1,22892.81,273.87,5146.09,12915.47,7879.59,3201.99,2890.0,4018.37,2189.6,980.88,1686.42,29.8,25805.76,22521.41,1555.6,1182.86,591.14,295.08,801.73,269.25,155.64,464.66
63233.24,60,2,Salaried,Tier 2,20958.02,975.63,712.12,7757.7,5372.03,1869.43,1757.77,1903.58,2290.63,4887.17,2770.85,34.7,21941.93,11978.31,2086.08,964.53,291.17,523.95,192.83,667.29,1289.36,443.19
21814.24,39,1,Salaried,Tier 3,7386.23,3975.29,493.71,2802.63,1072.36,1350.6,1181.75,556.34,929.14,1072.97,318.78,27.0,5889.84,674.44,606.69,199.05,262.27,279.61,67.85,161.35,122.33,84.38
66900.98,25,2,Business Owner,Tier 1,15686.73,4748.11,2408.68,9997.78,6277.14,2096.01,786.01,2620.47,3276.42,5246.91,3109.28,34.6,23147.74,10647.44,2971.48,1732.8,594.36,179.76,562.37,751.12,1354.94,406.86
74050.66,46,1,Salaried,Tier 1,16695.66,6290.92,2673.05,8186.16,2726.96,2754.04,4476.42,4580.63,3580.98,4324.01,2026.35,10.7,7923.42,15735.48,1860.6,796.77,488.6,461.26,479.85,382.99,952.88,338.07
109062.98,35,1,Self-Employed,Tier 1,36783.04,4697.22,4302.17,8811.05,9786.55,8150.55,5014.89,6899.84,6394.85,899.04,4804.5,18.5,20176.65,12519.28,2350.98,2726.54,1732.22,1365.29,1237.71,1776.34,192.93,978.16
43176.83,30,2,Self-Employed,Tier 3,12306.61,5156.14,2054.52,5775.03,2287.13,1574.22,2262.59,2164.99,1048.85,3305.84,1236.75,12.7,5483.46,4004.16,1501.23,557.68,410.23,292.1,347.86,239.47,633.65,179.69
20848.77,47,0,Self-Employed,Tier 3,3611.1,2480.18,858.42,2323.57,703.94,550.16,1130.66,1175.39,282.62,0.0,360.23,16.6,3460.9,7372.5,392.9,152.75,102.01,302.41,285.47,64.64,0.0,77.76
54556.7,23,1,Freelancer,Tier 2,8644.96,4061.21,2183.04,5898.65,4192.95,2822.7,2558.36,1405.26,1488.46,2611.64,1653.37,31.0,16912.58,17036.1,896.14,997.3,414.11,263.8,156.15,417.42,503.56,356.7
54349.63,41,1,Salaried,Tier 1,14289.92,3620.06,688.92,4095.98,2510.39,2284.42,2759.73,2685.21,2563.39,936.71,849.68,10.8,5869.76,17065.22,762.26,722.55,682.82,632.51,530.99,516.96,177.98,120.13
45769.85,49,1,Business Owner,Tier 3,15380.23,8100.94,1319.39,5750.22,2153.47,3273.94,2648.48,2441.74,1460.31,3443.43,1777.89,23.0,10527.07,0.0,1112.37,323.02,953.75,495.16,526.98,265.93,746.37,460.7
60133.21,28,1,Salaried,Tier 3,19173.46,4609.62,1299.04,3497.75,3092.25,1818.23,3771.45,1806.14,3060.14,5481.69,724.46,24.2,14552.24,11798.98,517.73,640.17,488.55,528.58,403.6,836.11,856.87,163.97
75196.88,29,2,Salaried,Tier 2,21443.86,7421.95,1749.72,10710.19,2591.13,7157.02,4581.12,4813.18,2817.35,4166.86,2734.61,24.0,18047.25,5009.89,2987.28,616.49,1701.04,556.66,871.34,700.07,481.35,447.25
46023.4,56,2,Government Employee,Tier 3,8184.03,2607.73,1735.86,3800.72,1951.34,5091.26,3261.82,1369.19,2599.84,2426.11,2499.92,21.9,10079.12,10495.58,792.49,460.22,809.37,613.31,220.27,753.42,313.01,366.08
26248.81,35,2,Salaried,Tier 3,5271.98,4130.35,524.33,1647.83,796.91,2476.41,610.57,936.4,1506.5,2005.31,1362.15,29.8,7822.15,4980.07,487.25,119.9,700.04,76.11,221.46,433.91,480.94,375.61
30486.47,38,3,Salaried,Tier 2,9911.22,2423.36,752.94,2872.94,1865.12,2234.13,1160.94,1555.66,410.51,15.48,1650.51,13.3,4054.7,5633.66,752.72,405.38,346.54,229.04,419.27,72.44,1.62,440.93
28996.92,57,2,Business Owner,Tier 2,5409.71,2978.63,633.71,1573.0,1040.93,3075.61,2213.79,1505.45,951.7,2661.22,1626.8,17.8,5161.45,5326.37,332.12,269.79,800.16,498.2,359.39,180.25,721.96,237.43
32906.74,61,2,Salaried,Tier 1,6768.52,1667.43,1889.67,3898.22,2559.67,2944.88,1242.6,1808.86,1332.21,649.74,501.05,25.4,8358.31,7643.89,1128.18,499.18,835.32,329.88,518.09,201.43,155.21,53.67
85407.84,25,0,Freelancer,Tier 1,15024.96,16870.77,4888.17,11980.2,3970.92,1798.27,1600.62,2186.49,1946.75,0.0,1403.88,27.3,23316.34,23736.81,2407.72,1027.12,396.7,377.31,532.31,451.9,0.0,366.28
48457.47,23,1,Salaried,Tier 2,13821.12,2825.03,1962.39,6480.04,4654.35,2878.81,2266.9,3027.29,1470.87,3567.7,1834.13,20.1,9739.95,3668.84,1797.7,800.44,750.25,256.25,765.67,254.33,953.28,409.2
88638.24,27,1,Freelancer,Tier 1,30030.32,13663.45,4983.78,5560.89,8064.98,9315.45,1565.74,4134.3,3889.81,6862.83,4848.39,31.9,28275.6,0.0,954.41,2320.71,2406.54,252.85,552.26,1000.54,854.71,582.66
56420.47,25,0,Business Owner,Tier 3,11498.13,4823.9,2781.0,3533.45,2835.74,3079.76,1365.36,2458.02,1203.83,0.0,3312.87,20.4,11509.78,19528.41,620.93,586.39,426.95,215.17,452.05,149.65,0.0,720.46
36498.58,50,1,Self-Employed,Tier 3,8945.12,1505.33,1441.6,4793.85,3096.0,858.5,2915.59,2520.41,1463.56,1721.5,449.41,20.1,7336.21,6787.71,880.28,678.61,200.53,825.13,496.55,180.43,345.9,85.58
52189.42,39,1,Government Employee,Tier 2,14449.58,8347.37,538.69,7433.1,4500.14,4938.06,2499.63,2975.78,2341.86,2983.29,1450.28,10.9,5688.65,0.0,1555.93,478.24,586.12,683.79,450.11,329.95,826.68,369.69
68035.19,47,3,Salaried,Tier 1,23805.05,4539.4,3308.27,6535.94,6739.53,6817.39,2033.17,1762.13,988.2,315.7,1404.57,23.8,16192.38,9785.84,1377.11,903.46,1374.18,353.83,362.48,115.48,87.55,199.19
69808.73,55,4,Government Employee,Tier 1,11934.61,12079.61,3150.08,6973.69,5015.67,2517.26,5559.17,4036.83,2434.68,4355.78,3336.74,27.7,19337.02,8414.61,1389.72,1136.48,333.4,635.03,638.46,545.38,456.64,636.09
85927.05,31,2,Salaried,Tier 1,21457.2,15729.07,3502.62,7031.08,3070.83,6335.75,6673.02,2127.76,1989.56,5379.88,3609.77,12.9,11084.59,9020.51,1133.41,564.95,1161.15,1860.58,505.34,257.59,949.94,473.78
47384.37,57,1,Self-Employed,Tier 2,10757.39,8148.44,2275.46,6606.64,3567.03,1857.26,1935.73,1012.77,2190.07,4222.9,757.88,17.6,8339.65,4052.8,1885.81,719.23,495.14,537.43,196.54,289.07,866.88,220.93
45214.88,35,0,Salaried,Tier 2,14611.82,316.58,1611.73,5176.66,3334.53,4156.31,1276.34,1816.79,880.69,0.0,1545.27,29.5,13338.39,10488.16,1127.05,375.45,1236.23,345.82,348.39,90.58,0.0,395.2
34725.25,52,3,Self-Employed,Tier 3,8514.41,5468.35,1569.73,2737.22,2593.44,1637.47,2385.21,2419.62,1896.41,267.89,1537.36,19.1,6632.52,3698.14,496.94,692.0,267.88,641.66,717.97,486.27,42.12,380.26
63294.95,36,3,Salaried,Tier 2,10899.11,5207.14,3592.53,5055.89,3259.7,3267.38,3803.61,1819.36,1996.77,1938.07,3098.3,16.0,10127.19,19357.09,1164.04,837.42,674.36,745.7,324.74,524.07,291.54,737.52
24610.08,29,1,Freelancer,Tier 3,6814.16,4300.48,708.53,3423.75,2219.28,2571.68,1429.5,1319.89,489.74,1613.51,270.78,26.8,6595.5,0.0,868.24,304.2,520.15,193.68,227.63,64.84,284.39,50.0
34002.07,35,2,Freelancer,Tier 3,10341.94,4338.35,1543.9,1746.46,3303.74,2299.64,2465.76,974.83,1084.7,813.53,1853.91,14.9,5066.31,3235.31,510.22,749.51,668.92,482.05,159.6,268.9,162.86,527.73
78679.17,44,0,Government Employee,Tier 1,11847.21,13118.07,2658.13,6473.14,3559.44,6843.16,4583.79,4424.87,2394.77,0.0,3026.32,32.4,25492.05,19750.27,1294.04,938.49,1339.32,911.81,1234.32,447.13,0.0,346.77
52403.33,61,0,Salaried,Tier 3,16862.94,5234.38,2291.07,5525.18,1895.46,3156.64,1565.07,2372.18,1647.87,0.0,2651.37,12.6,6602.82,9201.17,676.39,432.49,757.03,309.86,472.88,243.75,0.0,691.08
71410.55,42,0,Self-Employed,Tier 1,13368.38,7641.29,3438.04,4628.96,3114.75,3556.29,4182.55,3856.07,2804.87,0.0,3598.87,27.7,19780.72,21220.48,870.95,504.84,1011.26,868.94,848.35,629.07,0.0,514.81
64232.65,37,1,Self-Employed,Tier 1,16727.07,1854.88,788.3,3803.21,5616.42,5302.26,2017.35,1936.21,2316.14,3266.41,1252.06,22.5,14452.35,19352.34,744.65,1298.64,926.18,305.69,263.64,314.29,362.16,206.35
42734.59,39,4,Salaried,Tier 2,9963.98,6700.68,1808.96,5620.78,3306.17,1516.47,2698.55,2447.9,747.38,1360.89,662.75,31.7,13546.87,5900.08,1570.44,469.78,425.26,467.52,509.62,187.87,181.96,135.13
90795.86,45,2,Salaried,Tier 1,26687.7,7615.77,1937.32,12660.61,6766.41,5202.6,4846.9,6335.82,1205.67,6636.52,4182.45,13.2,11985.05,6718.09,2265.74,1107.33,1474.89,905.58,981.61,132.05,1268.8,1072.93
80499.58,47,1,Salaried,Tier 2,18050.61,8051.25,3501.86,10654.98,4679.08,3292.73,1241.21,4289.22,3740.88,2316.12,1434.61,26.9,21654.39,19247.03,3097.03,692.57,942.16,156.67,1055.69,1091.69,608.6,384.06
30293.63,46,2,Business Owner,Tier 2,9813.7,4756.69,1012.31,4237.44,2134.12,2713.69,1390.43,1353.34,1150.73,2232.83,1590.32,24.3,7361.35,0.0,834.89,451.12,418.15,265.67,360.67,131.61,393.29,344.7
33570.48,50,3,Self-Employed,Tier 2,9940.19,4020.71,1634.13,3535.35,1730.6,3841.16,1142.44,2220.98,938.3,235.33,1554.63,22.0,7385.51,2776.66,1042.07,210.52,691.68,299.43,539.61,202.57,48.88,280.78
72468.05,36,4,Self-Employed,Tier 1,20257.91,2914.65,1171.81,9509.68,4594.76,8663.63,2391.44,1506.8,3653.69,6265.16,3774.95,22.3,16160.38,7763.57,966.56,1317.14,2374.52,635.19,370.75,1024.64,1743.98,1092.09
51664.34,22,0,Salaried,Tier 2,15977.1,6098.8,2134.57,4567.35,4418.05,3359.61,2694.71,2918.84,1519.08,0.0,1289.06,28.0,14466.02,6687.17,1277.78,736.5,577.29,491.28,591.05,155.52,0.0,192.46
61804.54,46,1,Salaried,Tier 2,18591.09,5038.71,1478.58,7208.06,6099.3,2796.84,2012.53,3982.52,3077.76,2710.18,1596.41,33.4,20642.72,7212.56,2063.12,877.04,615.45,410.08,965.46,614.64,387.98,416.05
36633.0,28,0,Salaried,Tier 2,5758.26,3440.03,1928.69,5454.05,3490.18,2354.88,2358.53,845.63,926.37,0.0,1595.77,12.3,4505.86,8480.61,1593.7,695.63,291.09,251.73,156.05,157.48,0.0,354.92
34053.36,30,1,Government Employee,Tier 2,7796.41,192.82,1921.26,2471.35,3247.69,3566.3,509.28,1447.38,464.56,2125.58,394.08,10.5,3575.6,9916.65,253.6,504.69,396.77,119.62,333.33,100.38,342.39,69.11
77071.31,45,0,Salaried,Tier 1,25908.4,3237.45,4610.4,6858.57,4482.13,3129.14,4333.5,2330.33,4364.7,0.0,3570.32,30.1,23198.46,14246.37,921.38,927.71,570.75,784.02,353.76,633.28,0.0,358.01
46123.99,22,2,Salaried,Tier 2,8078.38,2592.52,2296.99,4520.37,2897.29,5313.92,3073.87,2228.98,1371.15,3488.05,2388.72,12.7,5857.75,7873.75,1043.09,491.68,1146.66,581.26,254.0,154.91,1012.31,452.23
88900.81,29,1,Salaried,Tier 1,26440.82,12676.54,4239.39,5672.01,7058.23,4817.23,5076.08,4665.26,4412.56,2453.02,2734.43,34.7,30848.58,8655.24,596.1,892.25,860.07,1394.57,852.32,993.65,283.09,424.78
57310.4,45,0,Freelancer,Tier 2,19767.41,131.73,1190.63,3329.96,5418.9,6795.89,2567.85,2013.38,1373.0,0.0,2764.88,25.5,14614.15,11956.77,375.36,830.06,1464.83,493.97,387.28,251.77,0.0,334.19
58330.69,32,1,Government Employee,Tier 2,9358.56,4768.85,1563.28,7756.37,2329.7,6058.28,4463.55,2508.17,2468.45,4770.58,1092.57,26.3,15340.97,11192.33,1118.59,437.26,1229.93,465.27,379.44,554.16,1320.64,125.68
48432.78,38,1,Business Owner,Tier 2,13873.03,8950.64,1612.04,7152.53,2484.45,4884.79,1501.21,1645.11,2599.17,1677.06,1264.73,15.0,7264.92,788.02,1448.3,263.5,1158.39,218.42,403.94,369.36,418.64,214.39
85333.7,29,1,Business Owner,Tier 2,20789.92,1909.44,4153.11,7720.35,3391.78,4419.47,967.83,3282.75,1031.02,6892.74,5010.39,16.0,13653.39,25764.9,1614.95,861.95,1016.06,188.85,376.56,172.95,2057.14,1117.07
22433.78,56,1,Self-Employed,Tier 3,5963.69,2317.07,1250.64,1318.32,1634.09,468.37,902.72,627.63,1156.05,799.52,1330.69,26.5,5944.95,4664.99,140.87,366.63,86.58,166.89,90.72,245.47,143.4,355.96
44162.15,56,0,Salaried,Tier 3,7378.09,6946.9,859.26,2498.75,2271.75,2570.82,543.67,2838.65,1703.19,0.0,1573.51,32.7,14441.02,14977.56,335.02,500.4,475.6,147.92,708.85,372.36,0.0,215.12
15954.65,54,1,Government Employee,Tier 3,2530.43,3007.55,895.35,2219.8,842.85,800.62,1224.93,327.08,644.15,1534.66,904.84,34.6,5520.31,1022.39,443.83,176.33,102.6,255.31,61.3,112.38,206.35,167.33
18897.98,26,1,Business Owner,Tier 3,5355.18,2822.51,846.27,1821.41,660.75,448.63,466.67,1211.75,683.31,1233.29,682.91,15.0,2834.7,2665.3,398.5,144.08,90.91,111.03,292.1,106.6,151.9,121.83
65889.82,60,2,Self-Employed,Tier 1,20733.02,9495.59,2671.08,5403.15,3590.05,4647.64,4297.66,3201.19,3539.85,3005.23,1619.53,13.4,8829.24,3685.83,700.68,1030.09,1010.56,833.16,683.45,547.76,648.36,328.24
99439.85,49,1,Business Owner,Tier 1,30468.68,16437.17,1988.01,9709.92,8986.85,5996.53,6386.03,3637.8,1210.35,3955.45,2321.42,11.4,11336.14,8341.64,1745.54,914.09,1171.11,1200.13,1055.48,163.32,683.73,608.02
53958.42,28,0,Business Owner,Tier 2,13962.34,4815.26,689.39,4415.44,2499.09,4503.13,1361.97,3029.92,1243.82,0.0,3047.32,31.7,17104.82,14390.74,1240.21,273.8,743.65,257.76,665.25,205.33,0.0,642.16
66142.83,30,0,Self-Employed,Tier 1,11242.52,10660.17,2541.42,6541.76,5203.0,5431.56,3537.71,3002.06,3557.7,0.0,1231.73,17.4,11508.85,13193.2,1961.09,719.57,1327.09,644.52,309.13,497.68,0.0,331.74
55616.54,29,3,Government Employee,Tier 2,15995.81,88.59,2367.92,7561.38,4119.74,1783.88,743.34,2500.27,2648.31,749.42,2168.02,10.0,5561.65,14889.86,2249.08,549.82,205.03,154.4,426.48,600.54,104.67,441.65
75527.22,33,1,Freelancer,Tier 1,14982.92,13965.91,1551.26,8249.85,6830.98,8889.29,3311.89,1926.48,821.91,2377.64,2853.14,15.6,11782.25,9765.95,2279.72,930.65,2514.67,497.08,247.77,175.74,593.74,629.89
42620.4,55,2,Self-Employed,Tier 2,14159.08,3778.78,1612.02,5091.66,1673.28,1649.12,469.9,1682.47,1527.95,2069.21,2002.35,18.5,7884.77,6904.58,911.06,392.2,171.72,130.73,479.38,269.71,323.72,375.39
29050.57,54,3,Business Owner,Tier 2,9228.0,3215.2,1534.59,2511.92,2859.49,1874.56,2163.69,931.16,1059.73,1388.62,1015.67,34.8,10109.6,1267.94,596.12,548.73,548.25,360.51,112.49,175.03,364.63,268.77
71578.14,44,0,Salaried,Tier 2,20891.98,3648.8,3704.4,8864.99,5066.59,4925.42,5606.43,1487.74,2150.5,0.0,1690.27,23.1,16534.55,13541.02,1625.12,1511.65,948.0,726.06,264.14,317.25,0.0,481.33
53147.27,45,3,Business Owner,Tier 2,18057.8,7892.7,2995.79,6200.25,5297.89,5384.15,1358.43,2019.86,1321.75,934.24,981.62,15.1,8025.24,702.79,1424.23,770.19,982.79,162.07,293.32,273.72,234.69,223.64
67606.08,58,2,Salaried,Tier 3,10565.77,1036.21,1912.87,4188.62,6341.86,2022.97,1660.91,1655.75,2980.5,979.83,2774.62,18.4,12439.52,31486.17,678.08,1028.43,306.05,170.55,445.97,845.81,117.21,732.93
64104.82,56,0,Self-Employed,Tier 2,19054.52,11188.03,1660.47,6876.16,2917.17,4029.91,4023.24,2105.3,1307.07,0.0,2945.59,18.3,11731.18,7997.36,1521.28,865.96,411.11,742.57,340.46,309.96,0.0,329.32
43269.8,61,1,Government Employee,Tier 3,9348.38,7166.49,2054.07,3274.41,1468.2,3584.91,1200.16,1065.55,2161.22,3957.14,1664.85,10.5,4543.33,6324.42,670.44,391.06,555.51,165.05,317.94,537.89,976.63,468.19
68471.94,43,2,Self-Employed,Tier 1,22678.81,2958.81,2160.67,8929.4,3279.45,2842.65,4974.85,1715.02,3434.0,774.1,3212.54,13.4,9175.24,11511.64,936.66,636.08,346.46,519.02,184.75,916.45,104.23,442.64
18569.82,48,1,Self-Employed,Tier 3,3775.9,3005.8,266.99,1719.45,1242.87,1536.59,931.74,556.18,571.26,1406.52,317.1,27.4,5088.13,3239.42,443.86,262.15,356.43,190.08,69.89,97.3,221.01,47.98
46734.04,56,4,Salaried,Tier 2,13785.2,7349.93,1128.16,6985.26,1963.38,5251.34,1614.87,3271.03,1129.91,3540.33,2529.41,13.0,6075.43,0.0,715.15,527.43,860.25,381.1,474.06,127.2,966.35,279.92
58135.61,22,1,Salaried,Tier 1,18924.85,7350.86,1798.08,3444.54,2425.54,6961.84,3970.0,1169.06,1406.53,4707.65,2274.25,15.8,9185.43,3702.41,546.41,475.88,1764.38,465.09,306.55,315.78,1304.13,666.54
84752.86,56,2,Business Owner,Tier 1,13419.04,6331.38,2087.11,10851.31,5287.01,1970.09,3774.76,4401.52,2891.31,7514.32,1385.05,18.8,15933.54,24839.96,1097.99,746.55,278.54,725.45,1213.51,398.23,818.96,374.52
74489.79,58,1,Salaried,Tier 2,17097.61,4044.78,1982.19,8742.88,2408.16,3244.69,5498.41,2015.86,3424.96,1959.35,2465.33,28.9,21527.55,21605.57,1532.1,639.82,908.67,1367.6,230.39,732.29,261.8,696.79
71086.32,35,3,Salaried,Tier 1,21500.9,3295.33,1755.04,9010.18,2739.11,3627.59,5328.7,4693.93,1986.4,1596.31,3713.52,24.6,17487.23,11839.31,1014.84,568.51,742.19,1583.48,499.87,492.43,197.14,1000.58
89167.36,24,2,Salaried,Tier 1,21487.89,5681.9,1076.69,7200.53,5270.71,5342.25,1924.18,2200.8,3611.47,4150.79,4893.34,27.2,24253.52,26326.81,2035.61,688.4,656.57,449.18,547.8,927.16,564.25,958.64
39661.56,22,0,Business Owner,Tier 2,8069.17,7167.31,1660.02,3934.64,1365.11,1754.06,403.07,2687.2,1155.11,0.0,921.44,24.2,9598.1,10544.43,720.57,274.55,316.03,60.04,340.39,185.24,0.0,262.44
45463.0,26,0,Business Owner,Tier 2,8818.05,705.96,1812.37,5894.32,2626.53,1834.38,3585.9,2297.99,1146.86,0.0,2071.44,27.1,12320.47,14669.2,1131.12,479.71,259.29,872.49,290.92,232.22,0.0,608.78
37775.54,47,0,Salaried,Tier 2,6659.97,6262.21,1611.85,2767.21,2386.68,4361.39,2773.84,757.91,424.71,0.0,566.61,10.1,3815.33,9203.16,470.34,657.22,610.32,609.1,79.18,95.22,0.0,113.61
3003.0,35,0,Self-Employed,Tier 3,965.24,209.54,58.91,218.03,184.95,335.89,41.69,194.3,30.62,0.0,35.07,33.3,1000.0,728.76,49.17,23.16,67.61,5.93,21.37,8.08,0.0,4.74
49452.0,60,0,Self-Employed,Tier 2,13108.3,5158.83,1225.56,5197.66,4492.33,1221.43,3378.18,2279.02,1056.31,0.0,1880.16,12.8,6329.86,10454.22,1335.18,1235.58,286.28,912.86,348.09,266.48,0.0,435.68
51926.78,48,2,Self-Employed,Tier 2,8582.3,8251.02,2128.0,5315.04,3484.51,2797.88,2183.33,1720.52,1574.44,4751.73,2323.28,20.2,10489.21,8814.73,1220.49,705.41,789.91,404.97,194.42,468.55,1103.46,685.57
90987.91,30,1,Business Owner,Tier 1,20610.22,16093.51,3637.82,7117.64,5710.28,5506.12,2559.25,5310.41,4782.6,2669.12,4530.23,29.3,26659.46,12460.71,1776.86,1032.83,1103.6,748.31,922.82,485.99,444.55,1243.23
61931.57,36,2,Salaried,Tier 2,13844.6,4270.57,2187.21,4942.61,3638.46,2718.89,4428.87,4108.12,3091.88,3038.95,1672.82,20.9,12943.7,13988.59,1389.84,481.71,797.09,1083.21,1095.04,579.72,536.14,455.61
87134.29,36,3,Self-Employed,Tier 1,16237.29,8048.48,2397.99,6777.7,7601.04,7222.33,2070.9,3849.99,2035.31,3821.81,899.77,33.7,29364.26,26171.68,1848.34,1825.49,2082.39,474.06,636.26,307.76,836.52,258.02
20389.46,47,2,Self-Employed,Tier 3,4834.37,1690.35,1134.6,2592.54,1889.16,1713.49,1555.94,729.49,453.2,1550.23,692.75,21.7,4424.51,1553.34,608.76,539.09,467.8,382.25,179.14,56.19,176.66,193.13
41892.46,34,2,Freelancer,Tier 3,9066.36,111.02,1130.62,4825.6,3758.88,4400.82,1021.9,2490.39,895.08,1760.88,452.13,31.9,13363.69,11978.78,689.71,658.09,880.14,199.9,295.81,252.68,266.2,115.41
73738.91,53,2,Self-Employed,Tier 2,16101.68,4364.5,2417.23,9825.1,5688.83,6937.87,3905.05,3988.48,1988.14,6957.66,1076.53,30.3,22342.89,10487.84,2235.61,843.75,889.3,785.09,924.83,595.63,969.64,262.3
80698.02,60,1,Salaried,Tier 1,24032.3,7411.13,3543.1,11906.78,3196.88,5992.42,2067.16,5199.99,2817.16,7283.27,2125.14,34.5,27840.82,5122.69,2395.84,674.46,860.4,558.63,849.42,383.47,751.48,325.05
62428.9,53,0,Salaried,Tier 3,12151.95,5132.82,2319.3,6081.6,3082.8,5328.85,3008.87,3410.22,1993.57,0.0,1988.9,33.2,20726.39,17930.02,1480.53,799.18,1223.15,710.65,852.39,214.68,0.0,446.05
65284.49,25,0,Self-Employed,Tier 3,18173.37,9426.16,1785.16,3699.63,2169.04,3094.41,3778.55,2100.62,1365.34,0.0,1565.1,32.5,21217.46,18127.11,986.27,218.54,570.46,1055.91,267.3,211.64,0.0,319.75
70972.98,51,1,Freelancer,Tier 1,18746.09,5462.13,2255.68,3889.97,6753.62,5628.56,1654.8,4725.59,1172.66,6062.92,2774.57,28.3,20085.35,11846.39,966.83,1528.18,728.11,460.31,1321.16,313.07,1071.85,755.76
64545.9,58,1,Self-Employed,Tier 1,17015.49,6317.45,3209.48,5135.69,4922.01,4448.68,2998.93,1629.25,686.05,5045.14,824.09,19.2,12392.81,12313.64,1383.1,1079.41,871.05,885.58,241.97,108.93,775.67,163.45
23578.07,44,0,Business Owner,Tier 3,6663.2,2025.87,563.67,3377.66,1939.19,785.96,1009.95,787.44,417.29,0.0,406.23,12.7,2994.41,5601.61,380.91,317.31,81.34,242.43,134.36,46.48,0.0,51.0
52257.96,60,3,Business Owner,Tier 1,13570.16,7740.72,894.28,5347.1,2707.49,2312.65,782.44,2404.37,2365.6,561.33,2339.22,27.2,14214.17,11232.6,568.53,515.19,570.71,156.85,697.35,261.4,71.25,236.25
27223.96,36,2,Self-Employed,Tier 3,8870.96,4698.71,698.52,2101.11,2428.26,1338.58,1831.67,1314.57,603.88,275.41,465.72,34.5,9392.27,2596.57,318.74,362.76,153.56,244.09,283.55,112.01,56.11,109.71
68114.98,50,0,Salaried,Tier 2,19420.67,7245.92,3574.45,6124.67,3281.25,7658.23,2281.7,1414.44,2277.09,0.0,2860.06,28.2,19208.42,11976.5,1715.72,846.49,1729.4,550.06,244.92,652.08,0.0,600.56
41939.44,57,1,Freelancer,Tier 1,10878.78,6621.67,606.0,4607.45,1263.01,1805.02,2106.23,2475.63,1659.34,2300.94,534.07,33.2,13923.89,7081.3,1219.74,286.59,466.78,333.45,717.74,260.82,305.7,88.76
19438.2,34,0,Salaried,Tier 3,6141.55,1153.8,1158.22,2241.13,1095.32,951.0,894.84,740.21,1056.31,0.0,590.32,30.1,5850.9,3415.5,530.13,226.23,120.33,140.12,122.74,195.87,0.0,78.98
73093.03,53,1,Self-Employed,Tier 1,19824.97,7914.07,2708.11,4779.7,5113.1,4161.58,3357.03,2947.18,3979.39,3206.48,1379.3,14.1,10306.12,13722.12,1147.85,912.72,847.83,495.69,350.64,479.07,808.54,266.68
36842.22,28,1,Government Employee,Tier 2,7671.61,2543.81,2182.62,5441.71,2339.83,3182.22,644.94,2227.79,1742.15,1992.27,570.38,16.2,5968.44,6302.89,1335.04,370.34,814.05,177.37,666.93,346.19,223.11,68.48
67090.71,43,3,Salaried,Tier 1,12842.44,5557.81,3820.8,7009.45,6061.33,2135.08,2659.73,2614.13,788.84,6494.18,2573.04,18.5,12411.78,14533.88,2022.37,1603.51,324.8,727.68,401.45,188.78,673.82,430.27
67315.05,49,1,Salaried,Tier 1,12148.05,9860.5,2197.21,4279.14,2516.13,7767.79,2804.73,1505.25,2608.7,1717.76,3797.7,14.2,9558.74,16112.09,1140.13,478.77,1029.88,634.41,406.8,402.34,506.37,667.8
46136.9,23,3,Salaried,Tier 2,15220.15,8135.43,919.26,6429.8,3172.73,4916.22,2830.73,1329.76,2275.9,3960.72,587.75,24.5,11303.54,0.0,1444.64,635.46,822.8,550.85,177.0,362.65,549.26,113.51
39058.18,27,4,Government Employee,Tier 2,11406.05,949.08,712.59,2244.43,2574.27,3035.66,2687.25,2647.96,424.34,2134.1,1213.84,34.4,13436.01,9028.61,523.27,525.58,640.34,629.95,652.12,113.89,564.32,234.66
37831.8,49,0,Salaried,Tier 2,12767.31,4801.91,832.28,5325.72,1880.15,3306.64,1821.55,889.81,1418.1,0.0,1716.68,29.0,10971.22,3071.65,760.24,356.61,711.11,403.37,182.31,144.75,0.0,259.91
49014.65,49,2,Salaried,Tier 3,13266.22,5706.71,2230.49,7335.36,4291.53,1061.95,787.9,1850.13,2592.3,1682.05,1624.07,20.6,10097.02,6585.94,1697.87,648.96,133.99,144.3,547.97,589.21,257.18,438.57
65744.81,41,2,Salaried,Tier 2,16086.45,1557.03,1554.7,7892.22,5437.06,3543.28,1747.46,2968.97,2215.94,3692.13,3308.59,10.1,6640.23,15740.98,1459.55,674.57,678.59,307.42,625.16,396.16,465.19,566.13
54291.85,51,1,Salaried,Tier 1,8792.2,2300.83,1469.75,6897.49,4413.94,5405.62,1169.74,2424.89,554.07,397.1,1030.58,17.8,9663.95,19435.64,900.76,528.38,830.61,206.53,254.62,88.47,79.16,150.38
33606.04,32,1,Salaried,Tier 1,9555.15,2090.31,1090.14,2813.84,3069.36,932.51,629.21,678.77,354.57,2569.66,1948.47,23.2,7796.6,7874.05,735.2,771.92,250.29,137.06,149.86,82.09,466.32,263.36
50950.62,49,2,Self-Employed,Tier 3,13575.37,1701.05,2835.99,7344.92,4106.36,2457.42,1814.5,2295.74,1570.9,1450.5,1490.72,18.1,9222.06,10307.15,1484.04,594.21,399.86,416.49,296.3,419.33,347.8,245.25
31567.99,46,2,Self-Employed,Tier 2,10986.98,1538.81,614.62,3250.6,1459.35,2479.02,822.58,1237.11,560.35,2802.0,854.81,12.8,4040.7,4961.76,960.5,162.18,663.74,156.58,321.29,118.61,786.9,97.03
53191.17,60,3,Salaried,Tier 2,10522.9,2846.8,545.28,6555.22,4222.81,2427.71,1344.74,3649.13,2299.06,1956.64,2857.98,21.1,11223.34,13962.9,1024.82,1095.83,450.86,395.0,990.06,244.2,510.78,304.61
51514.92,54,3,Salaried,Tier 1,13195.42,3458.44,669.94,7336.28,2655.04,5841.68,712.38,1440.25,2340.84,735.76,1967.53,16.3,8396.93,11161.36,1438.89,347.31,1433.06,83.18,282.89,450.1,113.96,434.88
94466.32,22,2,Salaried,Tier 1,26468.66,14158.43,5218.16,13935.48,4435.4,3127.39,1061.51,3562.11,1784.85,6573.74,3383.99,32.7,30890.49,10756.6,2642.15,998.09,631.77,179.83,914.2,343.68,1812.95,757.44
88155.02,48,4,Salaried,Tier 2,24588.04,10083.39,3735.64,11752.87,3095.14,8792.53,1515.72,3612.07,4797.98,1450.84,4085.89,12.5,11019.38,10644.91,1459.19,519.14,1972.98,278.61,466.04,1001.62,386.91,841.36
37742.1,34,2,Self-Employed,Tier 3,9898.19,7444.6,892.68,3030.76,3097.95,2671.95,832.36,1492.12,1211.35,2844.55,1471.63,11.2,4227.12,2853.96,561.37,388.16,478.47,86.05,296.06,283.69,813.05,371.52
48588.46,24,2,Business Owner,Tier 2,14838.22,4030.28,916.36,7125.73,3875.9,4617.51,1951.74,2589.35,832.92,4703.91,880.7,10.1,4907.43,2225.84,1122.38,708.89,1171.19,337.63,462.95,86.51,901.89,94.97
30167.91,60,2,Salaried,Tier 3,5761.96,4548.51,745.55,3403.3,1400.24,1540.72,1379.77,928.44,1454.47,2351.75,1318.64,18.2,5490.56,5334.56,449.45,144.17,285.09,213.51,206.36,291.48,596.67,378.71
61726.99,27,0,Self-Employed,Tier 2,18217.21,10758.62,971.57,8830.93,5089.79,4410.33,1224.75,1916.84,3055.41,0.0,1029.2,26.5,16357.65,6222.34,1381.43,1365.13,844.54,246.43,208.74,665.05,0.0,122.49
83515.3,29,2,Salaried,Tier 1,22878.76,11341.02,4766.77,9822.28,7871.22,8826.19,3318.47,4715.32,3504.7,5009.96,4200.23,28.3,23634.83,0.0,1440.44,1595.49,1796.45,555.12,1180.83,591.14,812.12,986.23
65052.48,48,1,Freelancer,Tier 2,21416.25,5358.56,3201.25,5251.29,2443.5,4338.21,2206.74,2928.31,3426.53,4523.82,3869.77,21.3,13856.18,6088.25,1296.1,312.36,1155.55,541.17,339.17,800.69,1352.11,490.22
65581.25,30,1,Business Owner,Tier 1,20949.2,9884.34,2172.02,5705.73,3035.4,3670.71,1497.85,2672.95,3073.7,5413.46,1893.29,27.1,17772.52,5612.6,605.69,447.41,851.15,302.55,618.24,447.64,582.82,522.51
80101.77,58,3,Self-Employed,Tier 1,17064.03,3262.82,4265.27,8414.46,6609.86,5896.73,839.37,2279.71,4334.33,448.59,2582.3,19.0,15219.34,24104.3,1880.57,1253.2,1001.45,105.72,236.39,708.55,59.42,521.99
26862.98,54,1,Salaried,Tier 3,5513.56,1759.81,603.69,3465.36,1322.07,2464.31,1146.81,789.14,851.41,1289.71,331.0,26.7,7172.42,7326.11,873.73,182.15,576.81,286.72,210.21,249.08,359.2,38.55
34134.27,45,1,Freelancer,Tier 2,11821.74,3732.14,1565.26,2792.12,2516.6,2196.76,1979.64,700.69,1617.28,1827.45,364.78,11.0,3754.77,3019.81,547.66,386.85,501.93,237.25,94.55,274.31,204.88,81.47
49384.77,36,2,Salaried,Tier 2,12615.49,5683.29,2607.84,5332.23,1762.12,5624.32,1276.07,1213.45,2962.47,835.22,2769.05,19.8,9778.18,6703.22,1526.69,364.54,1609.7,341.74,246.45,501.55,231.66,281.95
61162.31,53,2,Salaried,Tier 1,20262.11,270.84,1702.66,5172.04,3770.91,3027.2,1175.94,2926.12,2828.55,1972.18,1004.97,29.8,18226.37,17048.79,1249.44,1005.03,812.15,336.65,445.64,619.84,479.33,256.47
92605.9,53,1,Salaried,Tier 1,16926.15,17504.63,4433.34,12184.8,7569.27,6255.19,6676.24,5981.75,1454.76,4076.71,2990.15,30.1,27874.38,6552.91,3041.14,1365.25,1435.5,1098.17,1462.71,427.98,437.58,688.08
62071.19,45,3,Salaried,Tier 1,17290.79,8648.1,1536.49,6000.6,4845.03,5939.76,1815.69,2132.66,2229.34,5171.83,3151.21,27.9,17317.86,3309.69,836.4,1179.26,999.67,517.89,350.33,661.26,961.26,449.13
80453.19,33,2,Government Employee,Tier 1,25099.15,7976.19,2006.73,4639.92,7003.86,7153.26,2063.86,2927.48,3167.23,7477.38,4381.96,15.1,12148.43,6556.17,1185.31,1928.42,1830.63,533.72,717.0,683.91,1876.03,766.62
40948.67,60,0,Business Owner,Tier 2,13901.22,7642.06,628.68,2727.4,3743.59,4355.47,2866.28,1055.67,766.17,0.0,1472.92,16.2,6633.68,1789.21,726.63,536.31,936.61,815.42,165.71,76.78,0.0,149.59
79155.94,23,0,Salaried,Tier 1,17213.89,6951.4,2533.22,4441.48,6658.82,9473.46,5319.08,3121.24,4602.49,0.0,3027.84,34.9,27625.42,15813.02,765.06,1740.87,2814.13,1240.7,781.85,1289.3,0.0,722.86
42140.05,24,2,Self-Employed,Tier 2,12431.16,8263.12,1958.91,4211.07,3245.25,2641.58,1743.93,921.23,791.35,1070.49,1832.43,12.6,5309.65,3029.53,600.8,816.12,394.92,256.58,97.76,169.39,292.81,301.5
56141.83,58,1,Government Employee,Tier 1,14471.26,5752.12,3200.7,3404.09,1808.92,1746.86,2484.09,3698.63,1059.84,5513.89,3260.11,14.5,8140.57,9741.32,602.56,310.03,202.52,692.82,579.44,183.56,918.23,698.7
82256.59,38,0,Freelancer,Tier 1,13335.91,1880.15,3305.88,5051.71,5548.02,1895.32,2076.35,4413.52,4586.49,0.0,3301.24,13.3,10940.13,36862.0,1252.43,1652.78,216.03,284.15,881.5,1219.27,0.0,961.8
71468.77,23,2,Self-Employed,Tier 1,20583.0,10931.88,3799.05,10298.99,2332.66,6624.28,1106.42,4969.76,2377.07,6610.7,2713.94,18.2,13007.32,0.0,1890.15,355.76,1510.38,157.79,541.76,427.79,1909.51,433.94
54289.77,23,1,Freelancer,Tier 2,15636.5,7371.44,2775.55,7452.11,4699.58,5830.8,2722.1,3482.21,714.42,4265.38,582.35,15.3,8306.33,0.0,1843.13,709.45,1678.41,419.78,477.78,76.31,867.82,173.57
43567.36,49,1,Government Employee,Tier 2,14643.92,6735.4,813.28,4147.99,2285.14,1832.93,735.6,1901.69,1738.75,1419.34,612.01,22.4,9759.09,6701.31,509.01,581.46,184.0,118.32,545.61,459.4,163.05,138.65
30080.95,44,1,Business Owner,Tier 2,7504.07,5724.06,1031.5,4469.44,2086.72,1078.25,1246.83,1383.25,1205.98,2457.62,1168.9,21.9,6587.73,724.33,1167.43,390.07,264.34,252.98,408.57,252.26,647.13,173.49
66247.68,58,2,Salaried,Tier 2,12987.87,10288.12,1049.77,3313.62,3283.31,1737.05,5023.88,1956.21,876.13,2708.16,3763.66,32.5,21530.5,19259.9,499.17,545.55,401.98,1219.25,485.04,146.86,741.23,705.14
61051.37,53,1,Salaried,Tier 2,9701.84,7464.59,2692.83,6801.0,5175.63,6243.74,4682.54,2631.43,3579.21,1994.99,3256.15,10.9,6654.6,6827.42,1018.69,702.5,1538.84,1335.66,395.87,537.52,454.63,807.82
66495.59,54,2,Freelancer,Tier 1,15502.01,11401.45,3823.16,7423.76,6121.26,3400.46,1778.97,4332.28,2473.74,4953.03,3931.81,18.0,11969.21,1353.66,1618.95,1549.09,581.75,209.36,658.95,541.15,938.61,744.27
76046.69,22,0,Salaried,Tier 1,15998.96,10239.63,1281.73,7281.04,4403.48,4575.71,4082.79,1714.3,2889.0,0.0,2767.47,24.9,18935.63,20812.58,830.21,1132.86,1208.44,1187.58,392.85,409.11,0.0,314.67
50630.29,40,2,Freelancer,Tier 3,15301.37,4132.64,2364.14,4541.27,4577.21,3558.04,2186.49,3198.71,1822.98,245.87,2500.96,25.1,12708.2,6200.61,478.01,976.38,387.62,621.54,395.1,300.37,59.34,334.43
43144.42,23,1,Salaried,Tier 2,9528.6,7641.91,1795.32,4121.95,2100.93,4484.66,3076.11,1598.39,1748.93,1932.67,2244.37,22.0,9491.77,2870.58,627.38,612.34,1126.04,340.83,462.99,397.54,538.45,579.63
70471.73,47,3,Salaried,Tier 1,23947.3,3127.54,2761.1,6447.88,4751.65,5995.97,2043.69,4578.95,1636.0,3140.49,2988.11,30.4,21423.41,9053.05,1338.67,777.53,919.87,351.65,663.78,452.04,914.42,686.29
38654.49,53,1,Salaried,Tier 3,13237.7,5524.82,1140.54,4756.41,3483.28,3150.59,396.56,2591.55,941.7,3462.07,1041.26,11.6,4483.92,0.0,1339.04,501.33,615.52,104.15,777.28,194.53,702.33,222.79
43113.63,27,4,Salaried,Tier 2,11820.97,7601.48,1196.69,2739.25,2276.9,1619.66,921.74,2308.44,1533.42,543.89,1444.26,30.4,13106.54,9106.93,737.64,536.19,428.44,204.92,459.72,386.15,141.25,192.84
87856.38,53,2,Government Employee,Tier 1,29496.2,12850.16,1077.34,6129.21,8503.0,6265.83,3028.11,4675.82,4422.19,1083.13,4647.24,22.4,19679.83,5678.15,1214.13,2140.05,966.64,774.65,1189.0,1117.1,317.25,1243.38
47466.49,25,0,Freelancer,Tier 2,14342.99,6619.44,991.83,3230.18,1828.96,4344.99,1523.7,2023.86,593.01,0.0,1183.22,13.3,6313.04,10784.31,346.95,265.16,595.44,371.49,203.27,138.09,0.0,345.68
38239.46,32,3,Freelancer,Tier 2,9918.24,5756.1,411.41,2915.65,1196.1,4486.49,2500.68,2362.32,1536.09,113.71,2148.57,32.1,12274.87,4894.1,603.69,137.94,1059.99,498.52,656.13,229.13,11.79,232.43
59129.58,38,1,Self-Employed,Tier 2,11001.74,5499.7,2310.24,6062.31,5516.17,2373.5,3408.18,4025.58,2976.52,424.15,1270.71,26.2,15491.95,14260.78,1460.77,1445.81,490.55,368.91,619.94,813.65,116.13,146.9
57868.04,59,1,Salaried,Tier 1,13987.84,10117.31,884.96,3536.95,2014.12,1212.59,1792.11,3399.98,1032.71,3818.54,2747.33,14.1,8159.39,13323.6,593.62,594.77,246.01,388.63,794.19,193.38,530.99,760.86
105223.18,45,0,Self-Employed,Tier 1,27586.88,4281.25,5645.33,14396.31,10462.58,2896.81,4423.8,5376.57,1131.27,0.0,4369.7,10.8,11364.1,24652.68,1759.41,2395.25,438.44,485.35,1404.74,123.13,0.0,1149.71
73737.45,26,1,Self-Employed,Tier 2,23801.88,1878.63,2666.14,5879.54,7122.87,4246.19,1230.61,3711.92,1890.31,5630.61,3501.05,13.5,9954.56,12177.7,915.52,1108.13,454.24,271.65,493.05,281.51,743.35,782.79
57702.43,55,1,Self-Employed,Tier 2,14210.19,3294.91,2595.71,3823.01,2284.52,5888.79,4204.79,3604.87,2273.89,5727.53,1838.83,25.2,14541.01,7955.39,972.26,683.84,1072.08,1093.59,679.52,575.54,1012.76,531.41
41439.97,27,1,Salaried,Tier 3,13655.92,4405.71,1265.69,4871.77,2802.62,858.4,3127.88,1950.17,700.92,2731.04,2346.83,14.5,6008.8,2723.02,829.41,780.96,104.13,678.74,387.63,79.78,392.87,538.1
55736.62,43,3,Self-Employed,Tier 2,15877.68,5691.4,2119.61,2999.11,2393.58,3660.39,4380.13,3354.95,1744.9,281.22,2319.96,15.6,8694.91,10913.69,786.96,485.12,1029.29,1311.43,544.92,225.92,45.29,332.21
67663.58,32,0,Self-Employed,Tier 1,12003.51,11104.93,3865.82,7578.11,4057.84,3580.96,4790.49,3074.92,2545.24,0.0,1651.99,10.6,7172.34,13409.77,1242.08,1075.59,387.64,915.81,603.76,607.92,0.0,405.94
54459.64,37,1,Government Employee,Tier 2,19006.21,4406.53,769.88,6525.35,1867.95,1375.01,1207.77,1259.23,2175.34,4797.92,2283.1,28.1,15303.16,8785.35,865.99,491.58,256.21,301.66,205.9,605.88,1155.73,523.15
61153.01,54,1,Freelancer,Tier 1,15621.32,5923.82,1387.98,4371.93,2793.15,3976.39,809.28,2397.04,1450.59,3225.8,1488.51,30.3,18529.36,17707.2,818.29,801.52,439.19,188.92,412.65,328.92,782.06,442.31
57557.28,30,0,Self-Employed,Tier 2,13144.45,153.88,2820.27,3119.4,3190.35,2617.41,2910.77,2430.19,1726.8,0.0,1420.61,29.9,17209.63,24023.15,594.11,855.6,311.76,868.24,568.34,249.45,0.0,202.83
63017.7,27,1,Self-Employed,Tier 2,17759.82,5164.16,941.29,5442.49,3825.51,3477.85,4655.9,1706.57,3082.63,5398.17,1889.27,13.2,8318.34,9674.04,561.78,875.03,806.07,1129.73,386.57,341.19,1330.22,414.84
69328.71,37,2,Business Owner,Tier 1,11909.19,8981.87,955.56,4149.98,6823.66,6278.51,1553.97,1741.87,3955.95,6431.45,3648.18,32.6,22601.16,12898.52,512.14,1513.9,1440.43,206.38,255.1,882.28,1594.16,934.06
41073.47,50,1,Salaried,Tier 2,11389.99,127.4,1153.22,2532.09,3554.93,2963.66,430.98,1921.14,2180.76,3901.28,1438.18,26.8,11007.69,9479.84,346.86,687.78,315.96,125.46,536.95,238.75,904.9,241.32
56812.84,24,0,Freelancer,Tier 1,14183.17,3191.54,829.94,4285.17,4636.99,1844.41,3771.5,1378.12,2171.06,0.0,2496.64,32.4,18407.36,18024.3,525.87,1044.7,184.86,880.85,375.62,483.16,0.0,439.25
96869.33,41,1,Freelancer,Tier 1,22409.25,4028.92,3802.5,7705.64,6547.68,11250.54,1489.43,3404.69,2955.93,3303.44,2867.18,21.2,20536.3,27104.13,1296.9,1696.13,1302.4,166.62,687.12,428.95,609.84,795.87
67265.04,57,0,Self-Employed,Tier 1,22910.74,564.83,1433.67,6928.1,5973.13,5622.76,2620.61,3849.57,1792.47,0.0,1559.22,20.9,14058.39,14009.94,2029.41,1754.95,1420.31,606.71,718.52,503.56,0.0,281.97
72018.91,40,3,Salaried,Tier 1,18329.38,6903.16,3945.55,8486.65,3871.2,6956.08,4142.68,4913.25,1170.15,3942.36,4157.8,29.6,21317.6,5200.65,1712.98,748.91,1508.88,1145.96,861.64,228.2,922.67,935.28
39502.33,47,0,Salaried,Tier 3,7656.48,1435.7,1942.53,4316.7,3145.29,1102.96,1049.81,2207.92,605.47,0.0,1587.17,12.3,4858.79,14452.3,973.46,675.39,118.7,226.14,533.11,87.66,0.0,440.99
54233.11,24,2,Self-Employed,Tier 2,13113.17,8059.92,2439.69,3516.26,5399.71,1339.87,861.08,3776.32,2408.92,3485.98,3074.89,23.0,12473.62,6757.3,602.26,1020.34,264.78,147.08,884.92,651.92,758.11,436.53
86198.4,40,4,Salaried,Tier 1,28779.7,14618.01,3520.96,5793.27,4484.39,1891.61,5508.21,4733.75,1981.68,5065.75,1738.68,30.9,26635.31,8082.39,954.14,1047.99,458.54,1455.17,659.11,298.85,962.07,515.3
44310.05,41,1,Freelancer,Tier 2,8207.07,4834.98,2356.11,6109.33,3419.9,1722.75,2397.72,1537.1,1007.3,3969.26,768.54,30.8,13647.5,7979.99,639.22,772.84,471.67,615.02,360.13,162.5,999.5,184.75
57919.98,53,3,Salaried,Tier 1,11166.47,11372.09,1225.19,6129.97,5160.79,3558.65,4586.93,3104.66,3469.97,3783.26,3057.66,33.9,19634.87,1304.34,1226.4,534.49,1020.65,957.92,467.21,925.98,429.72,609.16
15295.02,28,0,Salaried,Tier 3,2334.11,1378.02,820.66,2095.32,1439.36,1737.25,521.58,842.88,296.67,0.0,673.68,27.5,4206.13,3155.49,412.2,299.72,287.49,68.26,87.42,47.99,0.0,125.43
41311.17,54,2,Government Employee,Tier 2,6313.92,4241.57,2043.85,3600.46,3315.44,2714.39,591.72,1594.05,718.94,3991.59,798.5,15.2,6279.3,11386.74,473.7,390.22,345.18,88.87,382.32,130.87,1195.25,232.26
35722.24,61,1,Business Owner,Tier 2,11283.88,7067.41,1693.52,3980.89,1780.84,1751.3,2193.51,746.08,533.49,2863.56,838.33,10.5,3750.84,989.43,1006.63,187.48,258.12,543.33,170.82,90.44,733.18,118.33
70445.75,60,2,Salaried,Tier 1,20881.85,3262.32,2681.36,7211.27,3722.34,5367.51,3277.23,3885.79,2746.7,4441.02,3524.63,22.0,15498.06,9443.73,1431.69,961.25,1369.97,856.07,707.84,338.61,702.18,572.18
69613.68,39,0,Salaried,Tier 2,15385.19,13122.82,1553.23,5702.22,2189.56,2171.49,1735.07,1467.8,2881.53,0.0,2275.91,22.8,15871.92,21128.86,956.83,332.22,639.06,270.42,301.1,310.57,0.0,367.69
44340.83,61,0,Salaried,Tier 2,12843.86,379.89,1382.43,4300.69,3691.91,3589.42,2869.78,2286.19,1253.13,0.0,1930.02,16.0,7094.53,9813.51,556.43,620.72,693.76,498.19,661.7,306.9,0.0,304.56
29335.24,22,0,Business Owner,Tier 3,6718.98,2618.97,1457.33,2940.83,967.82,2254.21,711.76,826.69,1078.68,0.0,760.3,13.1,3842.92,8999.67,618.85,109.19,363.09,82.23,181.08,247.05,0.0,147.28
74754.02,32,2,Salaried,Tier 1,25459.68,1046.61,866.32,5238.54,6767.16,7415.55,2111.53,3609.14,3694.34,538.09,2172.46,24.7,18464.24,15834.6,1312.59,919.66,1378.09,512.45,835.79,578.07,116.01,647.04
68915.63,49,3,Self-Employed,Tier 1,23666.35,10051.13,3383.93,5616.7,2639.9,8178.13,1135.52,3114.69,3508.16,1768.93,4102.94,29.1,20054.45,1749.25,878.45,668.21,1316.37,114.36,351.28,558.22,363.48,1139.62
33989.13,46,2,Government Employee,Tier 3,7768.51,4135.86,747.88,4389.39,1428.61,1532.48,1290.24,702.75,1967.82,2426.49,760.71,34.8,11828.22,6838.39,631.01,283.87,231.86,141.03,93.61,568.7,320.48,125.97
58113.04,44,0,Salaried,Tier 2,18645.24,8212.93,1000.44,8227.58,3681.86,4124.03,2285.3,2216.62,2976.17,0.0,2052.72,29.0,16852.78,4690.15,1681.61,1016.69,902.13,230.52,355.08,885.51,0.0,378.88
88271.27,52,3,Freelancer,Tier 1,26889.0,6611.17,1393.37,7589.51,7207.49,9788.1,4062.18,4418.38,3375.68,3551.98,4609.54,29.8,26304.84,8774.87,994.75,1293.37,1009.62,930.5,918.47,657.2,854.11,1078.15
90048.2,51,1,Government Employee,Tier 1,19090.22,6654.24,1023.17,7266.64,3577.63,8871.46,5369.35,5621.74,1709.37,1363.85,1977.56,25.4,22872.24,27522.97,1695.47,550.03,1347.67,985.15,1435.33,445.27,400.14,204.54
65852.78,56,1,Salaried,Tier 3,12934.01,596.88,2382.51,4578.07,4004.18,4526.76,4835.38,4243.03,987.01,2909.7,2025.68,34.6,22785.06,21829.57,1012.07,678.79,1051.46,771.29,696.91,244.12,465.66,534.84
83540.39,28,0,Freelancer,Tier 1,20187.28,5846.91,1747.08,9845.16,5329.84,9568.48,1640.85,3691.86,1063.1,0.0,3404.65,26.0,21720.5,21215.18,1155.98,1292.78,1018.21,463.61,632.33,169.53,0.0,939.55
83517.18,37,2,Self-Employed,Tier 2,25578.79,15522.31,4966.9,6874.3,3746.58,2148.37,1152.9,4712.13,3618.49,2204.96,2844.55,31.5,26307.91,10146.9,737.64,790.53,250.59,159.75,712.62,404.23,411.92,772.12
38352.77,47,0,Freelancer,Tier 2,13117.93,2908.88,1485.09,5705.93,1460.82,4337.69,433.28,1373.9,1932.09,0.0,1264.69,33.6,12886.53,4332.47,1278.46,410.25,688.3,77.07,207.35,248.3,0.0,221.33
106369.27,23,2,Self-Employed,Tier 1,32199.66,17686.4,1797.03,8782.75,9418.94,2664.63,2133.08,3947.29,3769.11,7110.84,2991.69,33.2,35314.6,13867.85,1395.22,2076.25,734.27,614.46,1143.82,1008.84,1872.22,575.6
44294.36,22,3,Business Owner,Tier 2,14220.32,7462.05,1968.36,3960.52,2886.78,3310.14,2482.99,1316.57,564.12,4308.19,1742.2,19.5,8637.4,72.12,464.53,573.33,837.39,460.4,298.98,138.91,622.1,178.54
70769.72,33,0,Self-Employed,Tier 1,19151.2,5282.83,3884.35,7808.27,2194.33,7717.02,4311.53,3403.84,2602.45,0.0,2917.03,12.0,8492.37,11496.87,1966.79,564.27,805.9,909.47,446.52,606.02,0.0,524.71
73201.91,26,1,Freelancer,Tier 1,23210.98,9252.56,3459.45,9528.58,6310.64,3387.21,4762.18,2615.37,4156.95,877.85,3123.12,14.3,10467.87,2517.02,1551.34,1826.97,678.6,552.73,639.33,524.32,223.55,599.91
31720.69,58,0,Business Owner,Tier 3,9734.58,605.05,438.44,3075.38,3129.42,2132.42,858.35,768.23,1265.04,0.0,428.81,11.5,3647.88,9284.97,590.23,535.66,330.39,221.48,187.76,288.41,0.0,120.66
36287.61,53,1,Self-Employed,Tier 3,8179.12,752.45,1988.35,3348.1,2627.76,1902.66,1139.89,1968.61,1831.49,3148.46,1507.81,12.6,4572.24,7892.91,493.38,394.1,437.1,210.37,459.26,465.99,373.04,420.37
41299.58,30,1,Freelancer,Tier 2,10754.33,401.91,2052.44,6176.92,2695.19,4758.31,1809.72,2287.49,2065.29,960.5,2381.41,14.6,6029.74,4956.07,1392.67,601.68,1162.51,470.71,290.38,562.01,178.69,698.28
62449.43,56,1,Salaried,Tier 2,19418.69,7256.81,1118.79,3188.0,5713.44,6392.61,900.7,2373.05,3535.04,3795.03,2313.71,18.5,11553.14,6443.56,511.03,1141.4,1742.45,135.79,430.94,362.86,824.76,640.95
66707.47,40,2,Salaried,Tier 1,10620.59,5684.42,839.8,9306.13,6449.02,6063.72,3520.81,1590.05,3236.08,2686.12,3052.76,23.6,15742.96,13657.97,2732.32,1920.76,1182.93,649.57,192.95,766.61,757.23,310.28
84834.16,37,1,Salaried,Tier 1,26435.67,9298.37,3212.29,5506.93,7025.76,6681.77,6690.15,3504.91,4019.87,1763.22,3209.84,27.8,23583.9,7485.38,1324.91,1352.26,1997.11,1721.44,922.93,417.34,242.79,732.78
97915.85,24,2,Salaried,Tier 1,18170.99,10204.26,1743.08,12591.25,5990.66,9993.21,3452.16,4123.9,2125.28,7964.54,5163.79,15.3,14981.13,16392.73,1603.43,688.13,2957.96,1017.61,952.76,512.99,2080.26,586.85
69643.46,41,2,Salaried,Tier 1,17615.39,4877.87,3602.62,7785.66,4976.41,4124.75,4366.6,3721.3,905.1,5173.33,3933.4,26.8,18664.45,8561.03,1427.41,1470.4,1140.22,488.73,749.62,205.57,652.49,607.78
86915.75,45,2,Government Employee,Tier 1,27087.74,11776.62,2426.4,7316.98,6872.04,5628.25,3911.42,3109.05,3118.53,5750.27,1669.74,27.6,23988.75,8248.71,1295.72,1846.64,1209.93,1026.71,524.2,404.38,853.61,360.1
83387.39,54,2,Salaried,Tier 1,16741.2,12649.9,4640.06,11456.38,3635.62,7755.04,1579.93,4513.76,1352.69,1970.75,2655.3,24.0,20012.97,14436.76,2369.75,493.17,1392.82,253.01,617.71,342.53,292.99,637.6
108793.3,45,2,Business Owner,Tier 1,21667.44,318.29,4165.09,5580.09,6669.47,6068.0,5521.98,6916.47,6321.96,1064.62,3222.36,32.6,35466.62,41277.53,1497.62,1873.59,1049.02,1160.44,838.9,718.61,293.3,744.13
67427.54,32,1,Salaried,Tier 1,15545.61,2794.77,1290.13,4899.9,5939.52,1779.42,2089.66,2149.21,1651.72,3884.9,2040.41,12.8,8630.73,23362.29,1061.73,998.63,182.26,330.2,631.54,438.17,543.12,224.06
61926.07,29,1,Freelancer,Tier 2,20369.25,8833.58,1051.5,6606.85,4695.9,1698.85,768.39,4269.55,3260.23,3428.71,1007.92,14.4,8917.35,5935.34,742.02,823.77,254.55,171.11,597.44,496.81,882.52,121.68
10609.83,57,3,Government Employee,Tier 3,1592.41,820.39,411.91,903.47,623.69,334.59,577.65,417.16,311.73,199.87,537.71,20.7,2196.23,3879.25,208.78,175.43,81.56,98.64,46.71,74.12,38.45,67.6
67562.12,59,2,Self-Employed,Tier 1,22314.19,8951.76,3249.34,7501.95,5164.14,7226.99,4737.81,2254.07,1767.41,380.01,796.44,13.2,8918.2,3218.01,762.6,1063.93,1595.19,789.9,658.94,503.25,113.93,94.21
40300.89,61,0,Freelancer,Tier 3,7284.85,2796.58,1977.78,2112.21,1542.54,2709.13,1375.63,1655.38,2287.4,0.0,1467.41,24.2,9752.82,15091.98,540.71,196.75,767.45,148.0,347.28,384.2,0.0,199.05
55897.4,41,1,Salaried,Tier 3,19453.26,4368.44,1329.68,3445.85,3247.91,5102.78,2086.13,1381.78,1574.41,5549.33,2408.84,20.0,11179.48,5948.99,804.01,564.52,561.33,269.93,358.34,315.79,1375.9,572.58
56611.0,56,1,Freelancer,Tier 1,19302.62,1796.59,1144.24,3550.05,4841.32,3356.52,4097.02,1488.04,1670.84,4435.95,1153.36,17.1,9680.48,9774.45,574.25,1183.31,439.89,1161.16,161.83,321.84,1216.09,306.99
46791.36,46,3,Salaried,Tier 3,11648.01,2416.6,507.12,3225.25,2125.99,2146.37,3132.8,1905.42,716.12,4314.1,2587.21,14.2,6644.37,12066.37,511.16,286.66,553.44,938.76,406.6,94.19,978.46,470.26
49051.65,56,0,Freelancer,Tier 2,12387.7,5939.29,2156.31,4705.68,2110.07,2684.07,2945.39,2850.99,2134.84,0.0,2547.13,18.4,9025.5,8590.18,1221.85,460.09,460.86,754.33,512.16,465.53,0.0,607.63
27177.09,46,0,Salaried,Tier 2,6693.99,2354.42,375.82,3402.92,2624.15,2701.9,745.08,1766.94,664.26,0.0,911.91,25.2,6848.63,4935.7,873.42,627.32,334.14,117.25,449.5,165.14,0.0,127.67
77723.8,50,1,Self-Employed,Tier 1,21536.39,12036.35,2412.4,10924.38,3473.7,6413.89,5729.42,4138.09,3053.01,1108.76,2375.04,24.4,18964.61,4522.37,1862.17,586.26,1919.61,1034.1,445.61,865.15,132.54,699.82
75637.42,39,1,Business Owner,Tier 2,12718.0,12897.47,3031.86,10100.41,3650.59,8604.81,1573.95,1910.68,2992.79,3850.56,1651.04,14.1,10664.88,12655.26,1613.94,871.67,2215.31,390.18,344.57,808.53,859.39,280.68
58193.66,39,3,Salaried,Tier 1,9108.68,6304.08,3308.63,4055.45,5695.59,5119.32,3135.12,3119.24,2674.58,4828.3,2705.99,13.1,7623.37,8138.68,859.61,1576.78,930.43,920.79,810.42,540.28,902.59,728.38
48350.93,23,0,Salaried,Tier 2,7810.64,7332.59,1237.31,4550.55,3937.2,3723.9,580.99,2503.2,2285.17,0.0,802.01,10.7,5173.55,13587.37,462.67,765.48,985.6,111.02,512.0,557.13,0.0,231.84
35200.42,56,3,Salaried,Tier 2,8408.43,2160.63,791.61,2461.96,2779.84,2851.92,1938.15,2122.17,1257.45,1495.41,1549.24,10.3,3625.64,7383.61,286.9,490.87,673.4,515.36,445.67,327.13,307.08,422.85
42971.26,37,0,Salaried,Tier 2,8813.82,3566.37,1835.22,3285.03,3854.73,4908.91,1263.36,2632.52,1140.87,0.0,2239.78,32.0,13750.8,9430.65,411.4,579.1,1266.47,372.71,314.41,226.69,0.0,254.02
71482.55,57,3,Self-Employed,Tier 2,19615.38,10190.23,2928.06,7173.61,2724.03,7063.91,2964.91,4532.72,3707.98,878.68,1531.41,11.1,7934.56,8171.63,983.38,601.58,1858.1,814.44,573.24,456.4,197.89,352.32
45927.13,54,0,Salaried,Tier 2,16005.07,3547.52,1221.91,2609.16,3647.39,1028.96,1569.26,1869.54,1170.83,0.0,2448.9,28.3,12997.38,10808.59,528.1,1006.57,120.33,228.22,440.09,219.63,0.0,303.71
96023.49,25,0,Salaried,Tier 1,21822.74,11302.06,5416.21,6896.16,6266.32,7049.47,2121.44,5271.04,3396.87,0.0,1120.23,31.8,30535.47,25360.95,2058.15,1033.52,1583.27,215.55,1238.74,912.04,0.0,113.29
91635.81,54,2,Salaried,Tier 1,24262.25,3397.36,4787.34,13153.2,8067.67,8140.36,4906.06,3061.78,2754.81,7123.15,5098.56,12.5,11454.48,6883.27,3032.11,1446.11,825.08,973.44,905.74,604.21,2029.68,562.66
29558.93,35,4,Freelancer,Tier 3,6890.8,3545.72,626.62,2855.74,1938.18,2804.25,2120.51,2068.14,1559.35,1645.49,470.52,20.9,6177.82,3033.61,320.58,351.44,304.8,437.4,501.3,381.87,472.34,133.27
67461.01,42,3,Salaried,Tier 1,21550.71,11623.72,1481.25,6377.67,4952.78,2787.1,5203.67,1940.63,2131.49,4356.36,2852.79,34.1,23004.2,2202.84,1308.16,1050.79,782.61,729.82,385.5,292.13,753.65,803.61
61560.02,41,2,Salaried,Tier 1,20342.34,10694.69,2192.46,3167.68,3905.49,6569.55,1444.46,1262.33,1804.01,83.21,1385.35,30.9,19022.05,8708.45,631.41,568.96,1350.13,226.69,342.68,528.34,17.17,201.1
61036.78,29,3,Salaried,Tier 1,19865.71,8842.33,2971.19,4561.89,3874.07,7054.89,3675.4,1674.88,2715.6,989.84,3163.39,22.2,13550.17,1647.59,587.72,1024.47,1743.83,929.99,202.48,491.02,287.87,662.45
80298.11,28,0,Salaried,Tier 1,27692.77,11976.52,979.8,10971.07,6725.6,3506.74,4537.14,4721.02,3221.73,0.0,2859.82,29.1,23366.75,3105.9,3116.38,1070.18,938.75,880.52,896.33,743.34,0.0,832.22
34703.22,24,4,Freelancer,Tier 3,5396.48,3872.38,1550.08,2306.47,2568.03,3757.02,1181.17,1469.31,533.12,263.72,581.7,30.8,10688.59,11223.74,433.97,619.08,1089.23,193.09,231.3,55.32,68.05,115.96
40645.92,38,1,Salaried,Tier 2,12923.91,4752.87,1723.87,3719.61,3021.15,1207.1,460.8,1722.37,1439.21,2759.0,1566.88,18.7,7600.79,5349.15,1111.84,612.22,330.59,103.46,208.28,180.57,500.67,280.03
11768.56,54,2,Salaried,Tier 3,3534.74,314.57,253.89,605.29,724.0,300.93,685.94,797.33,550.46,207.22,357.7,32.3,3801.24,3436.49,111.38,157.24,59.18,158.14,201.49,141.14,44.11,70.34
51592.68,33,3,Business Owner,Tier 2,10098.69,4579.98,2273.57,5047.49,3465.88,1698.55,3930.57,3404.18,3075.12,3697.74,2222.22,21.8,11247.2,8098.69,1118.48,471.09,283.99,997.89,688.18,902.84,956.17,573.43
42956.72,43,2,Business Owner,Tier 2,14659.58,3872.77,2448.93,2238.14,3531.05,1107.17,2330.33,1527.53,1780.87,3032.7,2323.75,23.2,9965.96,4103.9,270.71,872.19,144.93,306.07,322.85,292.08,468.86,454.19
72070.53,43,1,Salaried,Tier 1,12946.43,13815.89,889.3,9510.5,6328.94,7531.46,2916.73,2194.76,2055.07,1687.89,2195.95,35.0,25224.69,9997.61,1815.04,871.65,1356.15,724.23,400.0,220.79,380.26,563.6
54569.93,51,1,Business Owner,Tier 2,15602.09,4704.88,1417.87,7229.72,4297.89,1413.63,2551.73,3406.48,1162.75,1471.39,1336.64,31.1,16971.25,9974.86,1068.21,527.33,244.98,561.09,654.27,200.19,390.78,249.07
37472.96,59,3,Government Employee,Tier 1,7306.4,4117.1,1195.72,4825.55,3548.13,1767.47,898.38,2447.02,2010.11,2453.62,401.93,19.0,7119.86,6501.53,1288.97,742.75,374.55,100.18,301.48,208.03,592.53,60.45
12000.88,59,0,Salaried,Tier 3,2835.52,1279.9,659.6,940.11,1049.15,364.53,750.51,565.0,608.78,0.0,464.94,10.3,1236.09,2482.84,241.41,253.75,84.97,191.75,132.54,84.3,0.0,76.85
69446.65,29,4,Business Owner,Tier 3,20405.65,8844.19,4035.76,9286.66,4814.77,3440.54,4323.01,3574.5,1506.72,1351.07,2091.3,25.7,17847.79,5772.48,2459.44,529.66,1017.25,763.51,666.61,377.42,293.08,241.68
67400.84,48,2,Business Owner,Tier 1,17703.84,10086.3,2170.7,7029.9,5189.76,1958.4,1360.57,2213.83,1350.15,4931.58,1936.59,27.6,18602.63,11469.22,1720.37,591.01,481.13,225.96,583.02,388.06,1468.3,386.3
0.0,48,0,Self-Employed,Tier 3,0.0,0.0,0.0,0.0,0.0,0.0,0.0,0.0,0.0,0.0,0.0,26.3,0.0,0.0,0.0,0.0,0.0,0.0,0.0,0.0,0.0,0.0
13250.9,55,2,Salaried,Tier 3,2852.49,1401.21,484.76,1491.16,971.84,441.69,382.2,683.83,341.18,1133.8,417.44,34.2,4531.81,2649.3,209.01,254.43,73.77,64.68,96.43,72.19,291.53,109.5
87267.01,42,1,Salaried,Tier 2,27744.97,14415.07,3219.21,4471.05,7656.5,9179.14,6872.97,3942.35,2209.6,4491.37,5168.14,31.6,27576.38,0.0,851.33,1141.29,981.26,1152.3,903.4,333.16,1101.83,951.55
64455.04,51,2,Freelancer,Tier 1,11522.17,5970.02,1540.8,4144.21,5041.46,6556.31,2372.15,1482.82,1135.34,681.29,1604.14,21.2,13664.47,22404.33,987.85,1124.48,1033.44,620.59,399.18,145.11,163.71,405.85
67385.23,54,2,Government Employee,Tier 2,15904.3,3752.79,1404.83,8371.22,4625.02,1439.76,1512.93,4433.73,1563.25,4677.02,2694.41,11.6,7816.69,17005.97,1904.27,872.45,365.25,188.97,862.09,224.79,1137.8,783.78
51816.77,49,0,Business Owner,Tier 2,17138.48,6784.98,1264.34,3856.01,2431.69,5677.7,1793.92,2630.87,1625.77,0.0,2529.92,21.9,11347.87,6083.09,938.06,550.87,800.86,527.63,645.59,350.44,0.0,682.81
67725.49,54,1,Salaried,Tier 1,21615.94,11158.01,2561.13,7436.32,4051.33,1550.54,2764.05,2007.01,3158.85,2018.61,3214.11,27.2,18421.33,6189.59,1077.16,1104.29,375.91,583.18,601.83,357.04,393.29,933.03
86631.68,26,3,Self-Employed,Tier 1,19941.6,1093.99,992.6,7667.79,8467.55,3808.73,1286.61,4359.25,2323.06,3660.53,2290.43,25.2,21831.18,30739.54,917.73,981.99,822.52,175.73,1299.29,434.05,708.58,489.21
14234.65,40,1,Self-Employed,Tier 2,4307.71,2211.47,788.07,1928.52,1082.45,330.8,718.5,766.87,376.22,424.67,577.12,23.5,3345.14,722.25,546.47,276.67,44.45,90.71,190.85,47.8,45.29,76.79
53383.01,25,2,Salaried,Tier 1,16796.01,8772.41,950.97,7753.43,3710.53,2860.49,2767.07,2471.02,1294.31,1404.11,2859.37,21.7,11584.11,1743.29,1643.99,736.93,435.72,604.06,612.61,200.02,208.11,820.87
42614.73,56,1,Salaried,Tier 2,13968.15,3933.53,895.1,5896.02,4061.48,3042.12,2630.4,2382.38,1445.24,697.21,459.06,17.3,7372.35,3204.04,770.99,864.39,606.18,596.05,356.22,199.66,91.27,125.65
14856.43,38,1,Freelancer,Tier 3,3846.35,2921.68,533.55,1144.87,1055.64,1480.66,178.9,729.05,282.75,538.94,472.24,16.9,2510.74,1671.8,296.16,243.63,271.96,19.79,194.44,78.21,149.44,128.87
26288.33,49,1,Salaried,Tier 3,5018.24,4136.25,1196.27,1824.84,1756.74,1414.26,1258.86,1771.53,901.2,659.8,557.67,22.5,5914.87,5792.67,516.4,499.84,361.64,187.07,320.68,217.73,102.26,133.09
87805.7,51,1,Freelancer,Tier 1,17654.37,13586.4,1298.33,8556.09,7301.2,7950.72,1203.25,1991.86,3969.59,6000.94,2584.26,14.0,12292.8,15708.69,1145.77,812.94,1962.88,311.75,582.42,1086.45,766.25,581.42
36982.05,50,0,Salaried,Tier 3,7734.39,5531.32,957.27,1876.23,2954.37,1433.07,2184.9,936.1,424.91,0.0,1139.03,18.5,6841.68,11810.46,494.35,312.85,307.99,240.17,108.85,75.08,0.0,117.26
94959.26,27,2,Salaried,Tier 1,25521.3,2860.33,5548.82,4993.05,4132.74,9026.81,1320.02,2723.77,996.02,4765.44,4494.76,18.1,17187.63,28576.2,1431.23,560.62,2387.18,357.75,509.8,162.04,1143.7,1121.94
77930.63,56,0,Salaried,Tier 1,12200.97,3385.79,1801.53,8208.36,4908.97,3397.75,5752.91,4247.89,1072.03,0.0,1144.89,24.7,19248.87,31809.54,2361.32,1459.39,722.14,1332.56,897.02,188.8,0.0,135.45
64886.91,58,0,Self-Employed,Tier 2,17987.2,6021.38,1664.51,6621.38,4092.81,2229.16,3837.79,3392.27,2386.74,0.0,2311.87,11.7,7591.77,14341.8,1872.73,994.62,652.87,717.22,614.11,247.53,0.0,351.29
74038.95,45,0,Government Employee,Tier 1,16501.12,3909.32,3837.06,11065.73,4181.4,2853.53,3370.05,4783.13,3903.54,0.0,2829.01,30.7,22729.96,16805.06,2315.88,932.15,409.32,570.5,679.76,956.14,0.0,594.94
66145.87,50,0,Salaried,Tier 1,13827.69,5493.3,827.53,4642.39,4379.55,2527.19,2705.71,3746.76,677.61,0.0,2295.78,24.1,15941.15,25022.36,794.97,479.16,613.67,280.99,819.03,115.16,0.0,436.99
72208.52,52,1,Freelancer,Tier 2,23532.71,12830.94,2399.54,5474.16,4254.35,5147.48,1382.58,3279.55,4103.83,2042.68,3364.46,26.8,19351.88,4396.24,555.38,1173.44,895.6,366.44,823.77,667.55,595.83,347.06
64359.75,56,2,Self-Employed,Tier 1,15575.09,10610.69,1865.2,3948.73,2828.88,6724.29,1954.6,4478.9,985.6,5759.36,1878.63,27.6,17763.29,7749.78,442.98,742.73,1047.6,251.25,1025.52,216.47,1680.3,497.46
80157.67,54,2,Freelancer,Tier 1,13547.5,10100.51,2070.42,11362.69,4718.53,2241.25,5677.34,2669.68,4176.15,194.03,4588.89,17.3,13867.28,18810.68,2110.82,1099.23,304.98,919.21,392.15,781.98,36.55,1265.43
61533.46,42,0,Salaried,Tier 2,19404.54,10560.62,1494.34,7862.81,2157.33,5580.82,4511.12,3794.13,2100.92,0.0,2097.69,21.8,13414.29,1969.14,1414.25,362.06,1174.77,964.57,934.58,622.23,0.0,495.84
62622.39,53,3,Freelancer,Tier 2,9990.04,9816.34,912.33,8280.8,4402.67,5350.12,629.5,2588.78,2690.75,4520.09,2414.76,33.9,21228.99,11026.21,1134.0,502.35,765.57,93.92,391.89,460.79,994.15,502.79
32518.36,44,2,Business Owner,Tier 2,9604.29,2789.98,837.06,4561.56,2918.71,3487.66,1677.61,1705.16,1155.51,260.44,1667.43,29.2,9495.36,1852.95,816.96,630.46,488.52,334.56,230.27,257.42,44.28,487.14
90779.26,54,1,Salaried,Tier 1,27667.82,3650.51,1103.21,9303.97,7332.25,4031.94,5478.62,5116.63,3073.1,1662.8,2157.08,34.2,31046.51,20201.33,1255.38,1788.62,1201.95,1434.68,1218.44,498.86,313.96,267.46
35315.67,24,3,Salaried,Tier 2,7787.83,3631.87,1732.17,3359.2,1950.4,2295.91,1882.76,1825.39,1827.41,2081.1,485.95,28.7,10135.6,6455.68,906.17,231.8,597.74,365.46,490.22,544.79,234.88,120.31
87160.55,39,4,Freelancer,Tier 1,27451.88,12834.02,2607.09,7237.74,3146.06,9812.77,1369.95,2355.55,4165.78,4880.94,3956.15,14.4,12551.12,7342.62,1155.43,713.38,2449.81,397.01,462.41,787.42,1264.85,497.18
83027.6,46,0,Government Employee,Tier 1,21016.93,7246.97,2673.09,9043.49,3665.71,7140.32,2095.68,3499.41,2837.06,0.0,2835.44,11.6,9631.2,20973.5,1986.97,576.52,1848.0,564.79,721.85,643.52,0.0,500.08
47279.46,52,1,Salaried,Tier 3,11472.77,6304.92,2585.23,4511.78,3223.72,2783.67,1301.31,2272.81,736.7,3841.99,2592.11,24.4,11536.19,5652.45,904.92,815.11,817.8,216.81,364.9,92.34,738.07,562.74
56924.95,24,3,Business Owner,Tier 1,9055.66,1073.92,2442.24,5416.78,2532.82,1886.56,3883.46,3555.09,897.71,731.94,3366.2,18.9,10758.82,22082.57,597.88,526.63,404.96,698.99,707.19,221.38,143.55,832.86
83818.95,61,2,Freelancer,Tier 1,17434.83,12539.39,871.96,12044.18,5706.24,3876.5,3555.93,3535.68,4197.4,154.07,2510.84,16.9,14165.4,17391.93,3474.1,717.89,558.41,656.66,446.9,645.74,32.68,252.95
66283.91,45,0,Freelancer,Tier 2,22284.78,10773.97,3788.7,9836.74,3063.11,5178.2,2921.66,4370.59,2417.34,0.0,2039.69,30.2,20017.74,0.0,2020.91,628.87,1410.76,658.06,1272.57,458.62,0.0,310.28
52900.94,53,2,Government Employee,Tier 2,12080.71,7478.48,1156.27,6858.52,4730.65,4857.19,3990.98,2222.83,1802.84,1594.39,1608.09,19.2,10156.98,4519.99,1131.73,847.48,1207.24,628.02,578.1,498.71,380.06,333.9
37720.75,43,3,Business Owner,Tier 2,9782.5,7297.18,580.17,4740.59,2180.6,1223.74,2059.4,1789.43,1660.78,2361.26,989.33,17.9,6752.01,3055.77,623.98,296.72,223.78,605.15,418.0,488.45,549.26,204.37
88796.21,44,2,Salaried,Tier 1,22767.73,14680.71,4298.31,10482.91,4190.16,7100.12,6473.84,5311.28,4701.06,1336.78,4358.5,31.2,27704.42,3094.81,1758.04,1124.23,1382.49,1435.49,1102.83,869.29,274.51,991.67
76708.79,23,2,Salaried,Tier 1,20564.57,13855.05,2686.64,5109.38,6663.14,5755.85,3218.36,3770.5,3179.09,3597.95,3678.17,31.2,23933.14,4630.09,531.9,681.01,1049.01,578.92,974.42,848.69,428.84,591.34
49883.34,48,3,Salaried,Tier 1,8094.38,9313.93,1580.73,2789.01,2693.64,3561.45,1020.64,3392.61,2401.5,2516.24,1692.65,18.9,9427.95,10826.56,481.69,437.52,1018.53,233.73,674.96,265.77,453.93,352.25
61557.16,23,0,Business Owner,Tier 1,13692.48,9865.74,1383.51,7329.77,2327.12,5479.35,4622.67,3263.56,2970.97,0.0,753.03,30.8,18959.61,9868.96,1512.11,238.57,924.4,827.83,522.15,800.72,0.0,103.89
42105.58,47,0,Business Owner,Tier 2,12405.38,5678.01,1573.64,5173.88,2944.39,4368.24,1773.04,1942.56,1171.09,0.0,1072.76,31.3,13179.05,4002.59,1419.57,350.98,1278.57,467.3,256.56,264.55,0.0,147.37
57587.27,38,2,Salaried,Tier 3,10948.03,65.86,1365.93,3149.87,4071.97,3011.75,1308.05,1219.68,1365.06,2854.55,1417.52,20.6,11862.98,26809.0,748.02,649.15,849.48,279.36,279.94,269.93,702.5,305.21
69952.75,61,3,Freelancer,Tier 2,13341.09,6517.16,3852.94,9989.61,5598.23,7617.94,2180.27,2846.14,3501.71,2327.57,3536.42,11.7,8184.47,8643.67,1221.89,620.59,1722.45,236.33,813.67,973.45,338.67,838.47
54904.53,54,1,Business Owner,Tier 3,8346.48,6271.88,1139.83,3245.63,2570.38,1980.04,744.3,1919.6,1584.49,390.81,789.46,10.0,5490.45,25921.63,420.47,563.75,427.62,100.74,250.94,426.33,47.04,97.96
53485.4,30,2,Self-Employed,Tier 2,12702.59,3252.24,2899.86,4203.42,3266.03,1995.13,2288.16,3070.34,2950.62,478.8,2689.45,23.1,12355.13,13688.76,780.26,383.34,347.19,624.66,417.58,470.3,87.6,334.99
63703.92,60,2,Self-Employed,Tier 2,20802.32,4052.9,2418.86,7468.58,3170.27,2973.52,4441.37,1937.48,859.02,2763.34,2768.52,18.6,11848.93,10047.74,1039.19,761.95,308.26,944.15,361.77,221.88,749.73,589.86
57888.31,50,1,Self-Employed,Tier 1,9284.14,11127.98,2976.87,3877.78,2064.69,1849.71,4361.92,1751.76,747.39,2059.63,2698.87,34.9,20203.02,15087.57,409.38,228.21,232.18,1265.26,457.87,89.61,503.32,415.68
50102.05,47,2,Salaried,Tier 2,9430.4,8935.31,2286.77,2782.75,4577.47,2155.99,3771.79,1476.81,2823.26,2585.94,1583.76,29.3,14679.9,7691.8,726.31,512.04,540.82,431.81,234.49,746.9,715.73,282.67
56774.49,56,3,Salaried,Tier 2,12037.15,9642.34,2545.47,4718.79,4599.92,1739.64,1065.44,1492.08,2408.53,1730.7,2497.3,29.0,16464.6,12297.13,490.3,740.89,338.03,169.46,224.98,566.22,386.21,449.89
58876.51,46,2,Salaried,Tier 1,17447.76,4780.91,1543.58,7453.6,3008.73,6015.72,2163.35,2093.08,1706.24,4050.17,2381.64,33.9,19959.14,6231.73,1983.69,840.38,781.85,300.08,468.84,200.61,510.59,323.21
78148.68,45,1,Salaried,Tier 1,21735.27,214.1,1695.42,7140.28,5623.27,2649.0,935.91,5024.66,3731.84,6751.69,3786.23,32.2,25163.87,18861.01,919.82,1283.67,404.75,197.26,1040.72,883.01,830.18,379.62
60299.59,34,1,Self-Employed,Tier 3,14061.19,967.47,1238.81,6952.38,2658.52,5712.17,4212.62,3542.39,2630.05,1802.13,1950.0,18.0,10853.93,14571.86,2050.5,675.33,1654.06,743.77,396.9,568.36,197.51,527.73
83381.55,28,2,Self-Employed,Tier 1,25165.7,5206.28,4407.51,9002.03,7697.5,2067.14,2927.77,4732.95,3048.43,1609.13,2805.06,14.1,11756.8,14712.05,1987.42,987.67,358.5,384.87,550.43,667.33,343.41,681.63
88763.18,57,1,Salaried,Tier 1,24137.03,279.48,4528.82,4635.38,3376.86,10194.63,4809.03,5313.97,1326.45,1031.26,3743.93,28.6,25386.27,25386.34,1144.92,901.03,2870.16,1099.11,1214.79,209.81,153.22,891.46
13213.9,41,1,Business Owner,Tier 2,4350.12,45.32,423.22,1966.94,399.97,1204.0,793.4,442.28,668.74,814.31,203.55,19.5,2576.71,1902.05,240.16,40.65,193.76,164.44,85.37,102.52,201.03,42.6
58369.53,22,1,Salaried,Tier 3,18305.0,10700.34,970.12,3160.29,3802.22,1207.06,2339.98,3757.37,3111.16,2590.77,1856.86,21.8,12724.56,6568.36,860.93,542.24,251.85,362.57,1105.4,785.59,614.66,446.01
47208.16,29,0,Freelancer,Tier 2,9468.2,6667.29,1374.35,6929.23,3343.23,4550.19,1484.74,1268.26,878.47,0.0,2766.28,25.8,12179.71,8477.92,1855.91,746.27,473.65,290.94,298.94,132.97,0.0,794.3
38469.71,37,0,Government Employee,Tier 2,7858.89,2377.09,1576.0,4038.8,2713.18,2747.05,2975.82,1416.35,2020.64,0.0,456.93,32.7,12579.6,10288.96,931.34,474.94,561.43,741.42,144.49,382.41,0.0,106.53
72380.43,35,1,Salaried,Tier 1,12671.74,1920.17,2368.3,10590.41,2447.6,7088.69,5610.51,3571.06,3900.75,1074.73,1867.43,20.5,14837.99,19269.04,2122.9,726.54,1611.89,791.39,700.66,932.11,129.48,285.75
27724.67,33,1,Self-Employed,Tier 2,6027.15,2836.99,1358.77,1704.38,1441.21,2003.1,838.96,697.14,1038.88,1536.78,712.68,29.6,8206.5,7528.63,416.38,152.87,294.18,133.04,127.5,120.43,380.3,152.59
90719.13,44,1,Salaried,Tier 1,31743.42,97.0,5432.37,8984.9,5891.66,7629.7,3952.97,5126.22,3883.59,4782.24,3780.56,16.7,15150.09,9414.5,909.14,1765.85,1646.39,668.93,622.03,850.16,909.05,712.5
29969.06,36,2,Self-Employed,Tier 3,6927.36,5624.68,586.09,2006.44,1353.42,2955.94,2340.56,1179.65,872.46,2200.41,458.23,27.4,8211.52,3463.82,438.38,304.15,678.19,583.61,335.78,190.09,362.42,96.82
38920.54,49,2,Self-Employed,Tier 2,7554.39,3228.97,1283.7,2144.42,3545.03,2355.11,402.47,2304.89,937.58,214.49,1612.37,10.0,3892.05,13337.12,577.88,750.63,559.05,108.42,601.58,222.06,58.2,328.15
72479.17,55,0,Salaried,Tier 1,21924.7,5832.18,2286.66,8099.76,2616.33,1469.21,2818.53,3235.82,3341.23,0.0,1069.21,31.8,23048.38,19785.54,1388.14,292.77,375.06,494.03,472.49,581.33,0.0,290.56
91770.23,23,3,Self-Employed,Tier 1,23722.07,7168.97,2314.87,6495.34,5884.02,9635.38,1563.03,2665.35,4872.43,6451.37,1353.4,10.8,9911.18,19644.0,790.21,910.06,1563.51,249.03,402.99,924.77,1313.5,311.77
76971.88,53,1,Salaried,Tier 1,13848.8,1067.27,1532.11,8372.21,6034.53,4471.22,3513.08,4367.24,3287.0,1663.56,3572.2,27.8,21398.18,25242.66,1541.96,1719.43,954.85,976.25,464.69,545.62,413.69,492.08
53854.59,44,2,Salaried,Tier 1,12178.57,6875.32,715.44,3297.86,2602.39,3748.51,631.55,1756.05,1916.12,987.72,1411.35,11.2,6031.71,17733.71,809.36,444.62,1110.74,189.38,279.82,501.32,259.89,158.92
81974.71,43,2,Business Owner,Tier 1,19091.41,12017.55,4455.81,6820.18,6041.28,1703.16,3154.62,3651.2,1471.14,3538.52,4825.95,16.7,13689.78,15203.89,828.38,1403.57,476.25,738.4,792.03,185.54,839.39,892.19
36065.3,46,4,Salaried,Tier 2,10847.21,4876.93,1117.75,4622.25,3175.8,2496.05,917.82,857.51,457.05,2948.57,428.01,22.4,8078.63,3320.35,652.71,952.42,725.19,273.51,157.93,133.73,554.33,44.14
17658.48,43,2,Self-Employed,Tier 2,2721.78,488.91,615.31,1654.69,765.03,2095.16,835.8,898.7,570.1,1488.52,569.58,20.5,3619.99,4954.9,214.3,116.75,371.32,193.9,264.08,129.39,261.77,93.22
97440.11,43,2,Salaried,Tier 1,19858.68,11280.45,5441.75,10988.76,9179.39,4660.25,7767.88,5192.86,1214.83,5071.33,1525.6,14.8,14421.14,15258.33,2850.37,1975.55,1199.48,1916.27,577.53,336.97,1289.81,264.85
81858.45,27,2,Government Employee,Tier 1,20752.69,9323.42,3995.88,9392.91,5627.69,4874.0,5405.73,3187.05,3148.83,7046.46,2256.75,18.3,14980.1,6847.04,1057.44,1346.64,1091.68,960.77,695.69,583.31,1434.53,395.2
73825.94,36,0,Salaried,Tier 1,15043.46,12822.25,1219.98,9920.4,3761.15,6549.76,5108.38,4999.58,2151.03,0.0,4422.99,28.2,20818.92,7826.96,2354.28,499.95,763.35,953.19,1358.2,358.05,0.0,1308.63
29815.86,58,0,Self-Employed,Tier 3,8219.84,2260.8,1141.08,2459.58,1793.72,3025.69,1624.03,1899.52,1426.97,0.0,1623.24,26.7,7960.83,4341.39,426.22,232.71,801.19,209.22,372.59,399.76,0.0,260.98
95956.19,54,2,Business Owner,Tier 1,23641.06,7129.28,3081.4,11392.84,4975.66,5924.25,1238.72,5315.69,2426.01,8749.49,1191.41,11.8,11322.83,20890.38,2861.41,951.65,1394.69,327.7,534.72,290.57,2477.66,182.34
96307.33,29,1,Salaried,Tier 2,21413.17,11913.74,4801.94,14076.43,7777.57,4908.48,2357.2,5362.64,3818.5,7467.01,3675.36,28.7,27640.2,8735.29,4122.66,1377.89,686.12,674.66,796.68,471.28,1161.44,462.64
41731.71,26,2,Government Employee,Tier 3,14182.18,5283.84,1928.49,5134.02,3578.12,4748.34,3119.63,1361.29,1539.24,1880.87,1769.05,11.3,4715.68,0.0,631.02,868.92,550.56,700.94,224.28,246.08,258.77,357.71
34555.48,60,0,Business Owner,Tier 2,9552.24,3243.28,1538.42,3420.54,3051.44,3031.02,1231.14,1825.94,353.7,0.0,707.58,23.6,8155.09,6600.18,557.13,347.56,810.51,207.73,535.36,103.26,0.0,92.51
32683.02,25,1,Business Owner,Tier 3,5751.83,2896.1,883.33,3695.53,3235.74,1042.66,563.93,977.56,445.13,3123.32,563.95,16.5,5392.7,9503.94,968.32,952.71,120.72,73.76,276.02,100.87,781.69,125.91
81458.59,27,1,Business Owner,Tier 1,21343.64,8050.51,4093.15,10098.28,6955.74,2190.65,4819.77,2215.69,1997.24,6289.33,4498.07,24.7,20120.27,8906.52,1547.38,715.44,259.09,737.58,642.18,421.1,1094.42,589.39
0.0,53,1,Government Employee,Tier 3,0.0,0.0,0.0,0.0,0.0,0.0,0.0,0.0,0.0,0.0,0.0,16.5,0.0,0.0,0.0,0.0,0.0,0.0,0.0,0.0,0.0,0.0
80017.49,51,2,Freelancer,Tier 1,23340.94,7380.28,1438.81,4134.31,4300.57,3361.46,2306.1,4090.4,1388.36,6086.18,4768.61,34.6,27686.05,17421.47,1095.9,913.99,426.77,513.58,696.72,254.76,728.38,1264.89
81546.38,56,1,Business Owner,Tier 1,15038.61,15329.61,2183.91,5665.63,5555.08,3702.08,6512.17,3388.2,3714.01,1371.7,4035.57,17.7,14433.71,15049.81,1685.05,705.18,1046.7,1882.07,952.68,934.5,226.97,437.88
69895.13,61,1,Business Owner,Tier 2,24077.75,7045.48,967.37,9159.53,2297.79,7532.54,4897.53,2404.97,4100.63,5826.28,3017.73,16.0,11183.22,0.0,1936.11,299.13,1461.74,537.04,712.68,732.56,741.26,555.11
53331.85,37,1,Salaried,Tier 3,12786.99,10124.53,1159.95,4120.69,4380.56,1544.31,2056.24,2677.05,2641.44,1040.55,1455.24,17.0,9066.41,9344.3,641.22,1132.53,330.22,206.04,455.14,700.7,136.6,279.71
36667.58,34,1,Salaried,Tier 3,6666.35,6107.59,1888.66,4515.84,2244.68,3356.42,2882.74,824.28,812.09,3272.99,680.91,32.4,11880.3,3415.03,811.56,622.93,958.66,634.31,125.38,124.62,774.97,175.82
97719.55,51,2,Self-Employed,Tier 1,18179.66,7083.33,5610.33,8522.32,3068.55,4603.98,5424.21,2417.0,5415.45,4481.91,1363.09,25.9,25309.36,31549.72,1142.21,480.55,948.66,850.58,506.08,842.15,465.88,263.87
105535.17,40,0,Salaried,Tier 1,17903.72,18228.91,2662.66,10784.47,3627.82,10134.84,6537.01,2284.08,1546.66,0.0,4713.72,28.3,29866.45,27111.28,2721.76,680.55,1730.2,1804.93,313.9,316.26,0.0,1006.41
35419.27,38,2,Self-Employed,Tier 3,11004.9,779.67,822.64,2011.72,2023.24,3267.11,432.32,1592.4,1183.25,1761.19,1743.91,33.0,11688.36,8796.92,512.37,345.97,847.59,71.53,169.63,220.26,473.54,450.35
81272.81,40,2,Salaried,Tier 1,14174.47,15036.24,1950.11,5536.51,5757.33,1685.53,1504.55,4066.11,4419.38,763.89,4171.14,32.8,26657.48,22207.55,1522.67,659.27,317.84,237.64,1175.78,1014.79,205.47,884.08
8490.54,49,2,Salaried,Tier 3,1486.06,1072.6,202.8,1237.24,530.61,602.09,461.17,196.34,357.14,246.84,472.82,28.5,2419.8,1624.83,130.31,124.5,98.56,70.98,55.99,61.73,40.94,81.16
13235.4,47,2,Business Owner,Tier 3,4236.58,143.98,156.13,1839.9,970.74,449.1,965.28,741.99,406.09,1302.01,714.66,14.9,1972.07,1308.94,390.79,257.28,109.87,124.49,98.34,59.33,153.1,83.74
37427.06,58,3,Government Employee,Tier 2,8193.56,4822.53,2108.86,4312.63,2381.13,3990.57,2008.41,1179.69,922.23,3595.67,2245.14,31.1,11639.82,1666.64,616.06,383.3,1038.83,434.43,214.17,178.88,866.54,552.27
68345.73,47,4,Salaried,Tier 1,10673.66,13317.13,1413.73,6558.76,5216.1,7323.83,1324.66,3708.44,1965.28,2190.39,1517.49,15.1,10320.21,13136.26,1103.03,1554.58,1892.06,177.03,987.21,417.02,376.8,416.14
33558.15,44,1,Self-Employed,Tier 2,5382.02,468.48,1040.31,3945.64,1521.49,2075.05,607.51,2318.7,1189.54,3343.39,1616.34,28.6,9597.63,10049.68,1013.99,175.23,613.25,112.34,538.4,152.88,364.74,475.22
74460.07,30,0,Freelancer,Tier 1,13286.21,8260.42,780.66,8329.18,2821.96,4798.17,5144.67,4062.19,1932.4,0.0,2927.99,27.1,20178.68,22116.22,1152.81,655.71,1234.73,988.78,726.96,408.4,0.0,835.41
28794.36,33,1,Salaried,Tier 3,5548.06,4306.45,1523.16,3076.83,2066.01,1449.17,568.72,1847.44,1682.98,1759.22,664.06,29.0,8350.36,4302.26,700.5,391.81,368.07,59.2,459.71,275.76,224.2,172.31
66063.43,22,1,Freelancer,Tier 2,18697.88,10705.69,3075.77,3694.12,4223.32,6055.42,3066.42,4453.33,3742.75,265.08,3904.04,23.3,15392.78,4179.61,853.02,799.56,1644.03,316.95,1244.3,668.04,57.74,892.83
27878.4,22,2,Salaried,Tier 3,5058.96,2307.37,1598.49,3158.07,888.78,1557.46,351.21,1236.06,1492.43,2513.09,1530.38,26.0,7248.38,6186.1,918.43,170.23,155.8,71.66,352.56,232.62,702.72,392.22
40699.23,55,3,Salaried,Tier 1,7072.5,1661.88,1997.55,5164.41,2304.95,1903.88,636.82,2243.19,1265.4,2268.69,668.52,33.8,13756.34,13511.44,1317.09,349.74,328.39,152.33,394.29,362.26,586.72,124.62
36886.27,53,0,Government Employee,Tier 3,11174.47,312.37,947.44,5511.11,1380.61,2332.06,2104.89,2309.02,1643.84,0.0,417.11,12.5,4610.78,8753.35,1436.9,335.64,577.23,607.11,311.05,389.04,0.0,91.33
49787.03,46,0,Salaried,Tier 2,14150.02,5772.57,1114.91,2544.51,3345.44,1451.23,2899.73,1883.47,2745.33,0.0,2211.37,17.7,8812.3,11668.45,524.98,817.34,319.19,393.85,532.21,418.64,0.0,375.36
62069.25,61,1,Business Owner,Tier 1,14714.44,5622.37,2786.03,7635.59,3581.67,5875.5,2104.32,2052.62,3259.97,5170.41,2495.59,25.3,15703.52,6770.74,1048.8,560.46,796.21,253.89,243.26,746.55,1156.8,412.63
76425.0,22,2,Freelancer,Tier 1,19859.95,14501.56,2155.62,8191.15,5572.96,1624.77,1917.71,5145.69,2347.5,5335.79,4340.24,34.1,26060.92,5432.06,1516.29,1488.32,261.18,211.75,1257.29,633.15,1007.2,1090.87
33871.03,37,2,Salaried,Tier 2,7194.1,410.55,1297.62,3163.73,2926.19,2860.36,2267.99,1907.45,529.04,987.05,735.01,12.4,4200.01,9591.94,664.06,478.05,478.71,424.59,244.34,95.4,147.29,140.23
54947.6,60,0,Business Owner,Tier 2,13544.59,7532.17,566.67,3448.35,2801.05,2103.75,1384.53,1702.5,757.26,0.0,781.32,10.6,5824.45,20325.41,812.72,686.31,449.29,311.01,302.84,201.42,0.0,111.29
74493.87,26,3,Government Employee,Tier 3,18722.88,371.97,975.44,6772.13,7251.77,3221.15,3571.38,3162.58,2894.33,2297.91,1710.44,11.4,8492.3,23541.89,1500.31,900.67,857.86,957.53,576.57,378.82,631.12,240.12
47915.92,43,2,Salaried,Tier 1,10898.35,1642.89,1761.79,4093.83,3234.06,4004.01,3726.64,2866.45,2018.76,96.05,524.51,11.3,5414.5,13048.58,731.96,432.52,1147.14,881.46,377.66,534.08,16.77,142.58
67256.37,50,0,Freelancer,Tier 1,22283.01,6101.22,2576.16,5399.54,4928.57,8023.3,1368.64,3184.8,3530.43,0.0,793.26,32.7,21992.83,9067.44,826.47,804.14,2005.97,193.9,906.19,734.54,0.0,186.85
39852.42,24,2,Self-Employed,Tier 2,6105.88,3625.55,1895.89,4905.35,3094.42,3896.44,3023.26,2092.16,981.4,2785.02,2221.49,28.0,11158.68,5225.56,655.58,676.98,1046.55,581.54,210.33,141.91,518.62,464.76
68501.1,33,2,Self-Employed,Tier 1,20991.08,9394.25,1137.0,8225.1,5252.06,2917.05,1562.0,3951.72,1258.61,5849.08,1890.69,26.9,18426.8,6072.46,1963.9,1203.26,565.96,440.59,1101.59,228.35,1054.4,340.68
65298.87,47,1,Self-Employed,Tier 2,11419.24,11887.18,2328.5,7111.18,4294.57,2455.4,3246.73,3336.8,1890.42,915.26,1994.26,23.1,15084.04,14419.33,1629.03,769.89,436.95,536.84,923.51,562.59,96.71,371.26
43142.4,37,0,Salaried,Tier 3,13352.98,5513.88,850.87,6206.75,2589.13,4599.98,1569.98,2027.86,1194.13,0.0,471.05,29.5,12727.01,4765.79,1473.94,299.22,821.29,313.6,331.34,306.55,0.0,52.52
47731.5,58,0,Government Employee,Tier 3,13039.4,9102.73,699.73,4056.48,1611.64,3074.79,3701.34,2743.64,793.46,0.0,1122.94,13.9,6634.68,7785.35,707.88,281.6,686.32,1079.73,660.82,170.61,0.0,214.46
35457.43,43,0,Government Employee,Tier 3,11298.71,6251.96,1082.33,2637.33,1118.54,1195.1,1033.51,1999.02,1546.45,0.0,1781.25,19.8,7020.57,5513.23,402.14,265.94,149.21,255.22,300.98,190.26,0.0,461.51
15168.51,50,3,Self-Employed,Tier 3,2571.11,1773.2,275.56,1753.33,835.14,1611.22,576.04,781.08,537.49,82.23,618.49,22.3,3382.58,3753.62,441.74,195.59,347.86,143.75,196.64,98.66,10.71,109.84
58279.72,35,3,Business Owner,Tier 1,15257.4,9718.63,1229.07,4072.67,3109.59,5921.76,4592.45,2214.02,2684.14,4228.07,2779.3,12.8,7459.8,2472.62,1037.43,410.59,1379.93,691.01,469.87,409.63,510.15,491.15
61193.9,49,0,Self-Employed,Tier 2,15311.79,7864.37,1583.56,4987.37,3496.54,7244.78,2909.95,2465.54,1691.07,0.0,1980.28,20.5,12544.75,11658.65,953.2,355.1,1360.44,532.35,394.6,193.12,0.0,204.25
52562.48,26,0,Self-Employed,Tier 2,15308.23,825.84,1207.33,3808.69,2085.98,5833.09,2374.99,3601.68,1381.61,0.0,1339.63,17.9,9408.68,14795.41,846.98,522.74,1695.29,276.61,648.47,287.98,0.0,256.63
53903.11,51,0,Business Owner,Tier 3,13845.45,7983.75,775.1,3067.91,4402.36,5669.48,1511.69,1380.96,1812.7,0.0,1840.28,10.9,5875.44,11613.43,535.98,533.89,1256.6,334.54,328.64,503.64,0.0,193.35
79398.93,26,0,Self-Employed,Tier 1,20496.59,1507.13,1150.95,10540.2,7144.91,2005.41,4692.12,2653.93,4277.25,0.0,2076.56,13.4,10639.46,22853.88,2533.75,832.17,288.78,566.55,746.34,1005.67,0.0,444.53
32254.78,33,3,Self-Employed,Tier 2,7609.52,3832.4,634.21,2433.75,3087.11,981.89,355.0,1439.21,387.51,2622.8,1675.59,29.1,9386.14,7195.79,650.16,310.38,192.3,94.85,181.55,58.1,642.02,337.39
67171.47,37,1,Business Owner,Tier 1,14224.69,9439.48,841.52,6535.97,4330.23,5165.37,904.52,4153.65,3374.8,6433.89,1671.47,10.5,7053.0,10095.88,1553.25,807.68,1214.28,237.81,890.01,724.63,1173.27,447.96
58472.21,47,1,Self-Employed,Tier 2,14410.64,778.0,2416.24,3176.88,4622.85,4277.12,3037.93,1647.97,1663.5,5167.55,2513.61,33.4,19529.72,14759.92,643.37,927.59,704.55,628.0,248.42,480.16,536.49,543.83
45654.99,47,0,Salaried,Tier 3,7930.2,2107.39,1112.44,5475.58,4103.86,3003.93,1548.49,1545.32,2407.43,0.0,769.25,12.2,5569.91,15651.1,1049.84,933.76,348.24,198.57,402.21,588.82,0.0,126.68
47826.63,42,2,Salaried,Tier 3,16371.18,8758.7,1147.23,3972.29,2835.18,2854.24,3669.84,1113.88,2396.6,4107.08,2120.79,30.0,14347.99,0.0,907.52,451.4,618.48,385.76,127.04,570.14,973.22,431.04
59272.14,60,1,Salaried,Tier 1,17359.75,7306.06,1576.63,7377.82,3061.93,3741.32,4340.1,3277.71,1626.31,4109.82,3299.38,32.5,19263.45,2195.31,1740.89,741.25,1083.39,1125.57,779.41,477.54,1099.57,791.66
16984.55,57,2,Business Owner,Tier 3,5783.13,836.61,732.71,1549.68,1623.23,1306.62,1018.38,541.99,759.1,289.18,686.67,33.5,5689.82,1857.25,328.14,217.3,257.42,224.07,73.16,197.19,69.85,81.57
47152.96,54,0,Self-Employed,Tier 2,9211.12,6513.52,2524.18,3280.69,3116.69,952.85,3171.99,1859.42,847.89,0.0,1791.47,31.7,14947.49,13883.14,738.12,830.28,267.96,768.21,407.73,107.96,0.0,401.67
96601.1,51,2,Business Owner,Tier 1,31479.23,11529.85,4632.44,9787.38,6260.5,4450.5,5478.56,4075.12,5295.1,2054.97,5608.27,17.2,16615.39,5949.18,1167.81,1342.06,1188.3,880.74,1088.62,897.66,218.29,1588.96
64591.98,58,2,Self-Employed,Tier 1,20137.07,6479.55,2995.55,4072.55,2744.46,4639.51,1213.73,4170.43,1952.26,3898.68,2672.16,18.3,11820.33,9616.03,1182.48,594.94,600.74,245.05,1046.85,572.07,1144.19,427.08
81824.58,44,0,Self-Employed,Tier 1,23355.23,15975.22,2800.0,7695.92,3074.22,7545.99,5203.06,3319.34,2682.31,0.0,1880.13,20.7,16937.69,8293.16,1986.74,436.4,1823.37,1297.82,831.79,530.94,0.0,423.64
81825.92,31,1,Salaried,Tier 1,22502.61,11184.85,3656.82,6687.68,7278.21,3061.57,2022.2,2230.68,3705.73,7094.96,2014.52,13.5,11046.5,10386.09,1168.91,835.7,572.8,389.3,454.1,453.31,1489.04,532.37
46411.59,26,3,Self-Employed,Tier 3,9900.05,3484.96,1746.84,6553.13,3387.55,3466.39,1514.92,2144.95,2368.94,4421.51,2100.84,10.6,4919.63,5321.51,1392.95,653.61,520.13,333.7,596.62,454.18,504.65,425.13
74966.6,57,3,Business Owner,Tier 2,23485.7,11995.76,1560.24,4205.09,3958.82,6855.39,5048.73,5108.82,1635.56,3035.1,3506.33,31.7,23764.41,4571.06,460.31,883.3,1627.39,1302.3,1111.79,391.55,631.89,854.13
58428.6,55,1,Freelancer,Tier 3,14624.86,10336.99,1193.66,6976.48,2537.06,3766.47,2778.68,2943.88,2516.37,2958.54,1470.93,23.9,13964.44,6324.68,755.17,301.93,936.09,397.47,834.6,753.68,823.86,238.59
66080.91,52,1,Salaried,Tier 1,10849.05,1654.94,1640.1,4511.68,4551.97,1500.57,4638.61,4570.77,1955.99,6419.87,1801.84,25.2,16652.39,21985.52,677.47,1320.56,204.05,525.02,956.68,322.31,1515.07,290.48
43531.57,31,3,Salaried,Tier 1,9253.62,1746.08,2417.75,3565.43,3085.27,2826.37,1084.48,2701.37,1237.83,1202.51,2592.43,33.2,14452.48,11818.43,848.36,913.5,799.55,223.8,543.5,251.05,293.41,605.38
39822.06,40,2,Salaried,Tier 2,13422.4,1722.12,1488.18,3645.77,1771.67,1976.95,2092.43,868.05,1772.13,3155.46,601.22,26.6,10592.67,7305.68,985.92,370.44,494.69,235.24,125.41,488.99,369.17,144.94
76135.08,53,0,Salaried,Tier 1,24373.58,10525.09,3555.15,10719.93,6821.58,8600.6,1207.91,4029.07,2235.26,0.0,2301.73,27.3,20784.88,1765.18,2270.88,1978.35,2465.58,305.98,841.9,382.35,0.0,661.52
44575.32,22,3,Business Owner,Tier 2,15440.05,5376.14,1218.15,3310.07,1600.19,1446.97,2452.28,1530.64,1217.15,3037.63,584.93,29.7,13238.87,7361.12,683.29,217.45,236.46,597.97,196.1,148.31,381.13,84.8
64518.48,26,0,Salaried,Tier 3,17781.21,7987.28,1960.44,3815.03,3543.78,5500.05,4089.01,3095.65,3341.7,0.0,3293.92,12.9,8322.88,10110.41,688.47,372.4,1583.28,1129.97,848.02,968.38,0.0,637.85
50281.7,25,2,Self-Employed,Tier 2,10031.3,9460.74,818.5,4116.51,3903.21,1270.72,2561.61,1707.93,757.43,4443.56,734.98,19.0,9553.52,10475.21,544.69,421.09,220.73,583.82,401.67,149.73,911.68,110.32
59805.68,37,0,Self-Employed,Tier 2,10918.3,9280.78,1110.28,3616.31,2941.75,3864.47,1712.61,2239.34,2619.17,0.0,2613.53,34.2,20453.54,18889.14,447.23,639.84,428.16,194.28,668.95,525.29,0.0,303.22
78258.21,45,0,Salaried,Tier 1,14664.25,2002.42,4019.95,4919.28,6881.81,5900.51,954.28,5177.44,1755.82,0.0,1003.6,33.1,25903.47,30978.85,1240.33,773.02,1490.43,143.74,613.11,393.73,0.0,181.3
69800.5,37,1,Salaried,Tier 1,10746.42,4851.23,2739.11,7495.53,5709.04,3475.75,1281.64,2117.2,752.09,1566.11,3046.29,32.1,22405.96,26020.09,2139.98,1665.38,836.62,335.26,313.63,75.74,447.17,532.54
46127.82,23,2,Salaried,Tier 1,10523.44,4016.75,1239.76,2587.32,3931.55,3021.72,2470.66,2938.59,845.9,2278.02,2405.65,21.3,9825.23,9868.46,495.88,504.76,663.52,329.65,809.38,242.12,601.92,370.68
48820.74,49,1,Salaried,Tier 2,9192.24,3866.23,2448.0,2592.04,1871.66,1774.9,3681.54,1050.76,1969.09,4694.61,1461.75,31.4,15329.71,14217.92,601.07,301.23,351.39,882.45,188.14,339.25,680.5,233.0
123819.71,53,0,Salaried,Tier 1,28767.17,16574.72,2764.4,15036.84,4932.77,6242.05,3028.31,3039.01,5628.39,0.0,4470.67,11.2,13867.81,33335.38,4253.79,1304.74,664.36,775.4,587.32,1009.66,0.0,769.32
56333.12,48,0,Freelancer,Tier 1,18984.2,10048.62,3312.48,4853.93,2819.65,4625.55,3461.77,3533.99,622.64,0.0,1694.34,13.7,7717.64,2375.95,572.87,405.32,1040.38,574.73,961.71,83.95,0.0,504.52
22776.9,41,1,Salaried,Tier 2,5377.81,1394.18,620.46,1424.41,1509.32,1142.94,1609.22,1173.64,269.25,769.22,569.98,20.3,4623.71,6916.47,361.94,224.28,209.58,264.65,239.85,47.29,108.51,146.25
104045.84,45,4,Government Employee,Tier 1,33877.0,11484.1,2795.25,7841.03,8569.33,11442.37,4834.15,5968.26,5735.75,5714.91,5219.27,22.1,22994.13,564.42,1751.4,1957.76,2426.26,1022.72,827.77,1495.82,873.52,596.46
86131.24,33,1,Salaried,Tier 1,23350.26,13598.56,2204.58,9836.93,7627.54,7135.17,4896.44,2624.49,1177.01,6445.72,2032.71,16.6,14297.79,5201.83,2161.44,1183.93,1326.17,1333.09,730.67,306.02,1817.64,557.94
77811.3,56,2,Freelancer,Tier 1,15517.62,6477.29,1253.2,6034.55,6170.71,4969.41,5217.33,3645.78,4256.99,6099.85,3590.77,18.9,14706.34,14577.8,956.52,885.43,1457.09,755.37,387.23,1222.43,1726.98,813.89
55440.11,54,3,Self-Employed,Tier 3,12261.74,1864.1,862.47,5513.64,5266.91,1323.67,1566.03,3152.38,1186.88,1799.63,1125.98,14.1,7817.06,19516.68,1305.51,794.44,292.3,451.41,879.76,214.4,298.38,313.16
37527.47,54,1,Business Owner,Tier 2,6258.98,3564.74,1591.36,2333.07,3066.45,2625.23,1155.2,1927.63,1763.82,2706.33,844.09,22.2,8331.1,9690.57,604.17,607.55,655.91,253.94,212.24,426.39,652.46,142.1
48401.08,58,0,Business Owner,Tier 2,10488.15,534.57,2601.84,5266.49,2489.69,4669.62,486.14,2109.56,1233.58,0.0,1298.26,29.8,14423.52,17223.18,645.52,730.03,1341.44,145.08,491.89,248.5,0.0,250.44
89327.31,33,1,Self-Employed,Tier 1,25503.68,16836.12,4424.03,7289.8,4337.35,4158.7,6915.42,6073.29,4728.77,8567.49,3524.66,26.5,23671.74,0.0,1506.83,1155.68,907.93,815.49,694.39,1233.28,2238.79,984.25
66655.32,24,1,Self-Employed,Tier 3,10959.62,997.45,1136.83,7511.84,5248.0,6710.68,4947.7,3586.58,3001.01,6206.21,2181.04,12.7,8465.23,14168.36,903.32,823.53,687.26,620.01,865.24,727.77,988.66,337.0
32471.84,22,1,Self-Employed,Tier 2,6204.73,2847.5,1210.52,4248.6,1412.56,1467.1,2062.6,2123.25,977.1,2563.26,1534.53,22.2,7208.75,5820.09,1166.3,243.91,156.77,547.27,226.75,169.61,517.85,434.43
94211.02,54,1,Self-Employed,Tier 1,21318.84,9984.13,1439.5,10472.93,3437.76,9644.82,1463.6,5321.84,1301.54,6815.18,1948.13,27.4,25813.82,21062.75,2110.58,663.15,2319.27,399.49,1428.87,217.79,1591.58,517.62
40727.59,61,2,Salaried,Tier 3,14108.44,8025.81,499.51,3240.89,2739.16,1161.83,1683.08,2312.23,1899.33,1116.11,429.01,23.2,9448.8,3512.19,847.79,810.2,181.03,318.26,446.7,285.83,117.47,127.03
77445.92,31,1,Salaried,Tier 1,23773.76,2571.54,3316.18,5852.93,6777.67,8257.16,1326.84,1858.77,3163.22,6551.66,3781.52,19.8,15334.29,10214.67,1016.17,911.45,1782.52,322.18,220.62,681.05,1148.82,623.39
49884.06,50,1,Self-Employed,Tier 2,14800.47,1141.66,1833.62,4127.51,1850.53,3487.83,554.43,1894.26,506.1,2132.57,2548.2,25.5,12720.44,15006.88,516.0,317.36,489.88,151.64,457.21,148.17,510.06,374.97
29230.3,34,2,Self-Employed,Tier 2,5063.8,50.9,412.18,1942.71,2497.21,1451.39,1553.09,1839.13,306.07,795.77,379.23,34.2,9996.76,12938.82,210.4,614.03,223.59,168.71,363.89,42.85,119.78,63.02
89446.33,33,1,Business Owner,Tier 1,27388.39,2783.06,1050.72,6092.83,7764.84,4160.27,6910.45,2829.2,4511.64,3436.18,3626.64,12.4,11091.34,18892.11,952.32,2273.46,835.92,1484.3,390.97,537.11,1001.79,1055.1
23265.96,52,3,Business Owner,Tier 3,7143.9,964.48,1384.04,3002.92,1483.42,1470.43,1703.09,599.69,534.42,1944.88,672.63,19.8,4606.66,2362.06,446.97,194.53,433.94,461.02,61.85,66.2,206.22,112.07
33804.64,23,2,Government Employee,Tier 2,9134.71,4263.31,388.79,2990.81,1149.75,4053.34,1986.79,1227.29,1413.26,502.45,1679.91,20.2,6828.54,5014.23,634.26,167.26,904.92,356.89,225.33,362.67,146.52,357.89
63281.88,56,1,Salaried,Tier 2,22026.67,2780.69,2039.35,5923.15,2671.84,2659.91,1060.91,1963.12,2070.0,2886.66,3399.55,24.4,15440.78,13800.03,618.07,387.79,764.0,170.25,229.93,351.94,413.81,614.42
86837.01,44,2,Salaried,Tier 1,18674.37,356.39,3059.35,9500.4,6905.27,2633.04,2534.9,5754.2,4617.25,4275.49,4563.3,13.8,11983.51,23963.05,1939.17,719.44,768.52,656.9,683.79,668.92,469.3,817.94
76185.0,38,1,Salaried,Tier 1,25769.92,12595.18,1208.6,8301.53,6081.43,5980.79,2468.7,4830.0,4254.78,279.06,3722.42,14.4,10970.64,692.59,1480.61,1342.92,847.01,412.66,741.24,725.73,44.23,516.21
91193.15,47,1,Self-Employed,Tier 1,30362.41,6667.96,1682.8,5174.09,8470.46,6279.04,5783.52,4102.25,5457.03,1785.07,2138.72,17.1,15594.03,13289.8,1114.63,1983.28,1018.7,582.02,927.48,1250.02,459.22,443.6
71389.05,29,1,Freelancer,Tier 2,10872.28,5050.01,1969.64,9505.74,5053.49,5169.97,4722.92,1646.75,1262.46,5902.04,3611.89,33.9,24200.89,16621.86,2285.97,1114.32,1313.16,1378.69,339.2,264.31,1478.39,974.78
94623.36,50,1,Salaried,Tier 1,22711.81,5724.32,4549.85,6409.09,3660.74,8203.23,3497.04,5273.18,5029.06,7861.0,3470.21,28.4,26873.03,18233.83,1453.7,418.29,2242.38,763.84,600.07,1250.82,1114.44,381.37
42075.82,47,2,Business Owner,Tier 2,14533.87,8207.93,1487.55,5146.17,1619.88,1965.55,1651.56,2153.04,980.41,1230.36,531.75,26.5,11150.09,2567.75,1528.05,184.42,400.67,435.85,632.32,164.53,171.46,147.74
65211.57,31,0,Salaried,Tier 2,11126.68,2218.7,2732.04,8299.29,5248.18,7242.82,855.29,4468.8,2578.52,0.0,2142.0,30.4,19824.32,18299.25,1059.43,745.65,2163.03,226.7,1239.8,490.96,0.0,499.29
78174.61,47,1,Self-Employed,Tier 1,20290.76,14043.88,4632.53,9497.43,3350.95,4969.34,2363.97,3748.29,2758.68,6033.38,4464.39,13.2,10319.05,2021.01,1766.02,529.65,508.44,267.8,569.16,332.13,1156.1,997.11
75888.62,55,0,Self-Employed,Tier 2,26241.64,11790.11,3673.03,8188.21,4021.11,2497.39,3156.2,2794.2,827.14,0.0,4127.81,31.5,23904.92,8571.78,1514.54,1034.67,399.38,423.47,347.79,94.8,0.0,929.5
73144.07,28,2,Salaried,Tier 1,19097.85,1118.81,2319.99,3764.06,4688.89,6892.36,1330.4,3361.05,4142.78,5474.15,1105.44,24.9,18212.87,19848.29,690.37,618.36,1548.25,215.82,969.6,797.28,573.84,176.05
29652.93,25,1,Self-Employed,Tier 3,5573.66,5851.88,958.44,2551.27,940.99,2500.05,1237.38,2044.96,412.66,2850.64,1399.81,18.4,5456.14,3331.19,593.83,102.4,484.65,203.1,393.1,66.16,633.08,256.21
40793.05,32,3,Salaried,Tier 2,10868.76,2213.97,1670.01,4506.98,1934.3,2103.87,2844.19,2236.2,1811.66,1872.28,2051.47,30.4,12401.09,6679.36,892.23,345.85,259.45,659.16,362.79,403.2,460.83,533.09
77839.32,50,1,Salaried,Tier 1,14858.6,1534.73,3367.97,6907.86,4557.67,6394.65,3945.87,4172.09,3833.61,1855.9,1834.63,30.1,23429.64,24575.74,1405.66,835.32,1109.84,886.35,826.37,416.33,554.32,295.88
82000.88,57,3,Salaried,Tier 1,20823.37,13600.9,2872.95,11180.66,4065.16,3442.9,1273.07,2626.82,4080.72,7722.98,2753.62,31.1,25502.27,7557.73,2084.87,773.12,361.81,253.24,668.65,507.45,1820.74,534.21
57289.43,46,4,Salaried,Tier 2,9441.78,8097.01,2420.08,4633.58,2265.56,3694.25,1341.55,3275.82,961.01,3458.82,2609.5,12.9,7390.34,15090.47,1382.38,601.24,844.32,190.84,437.9,262.39,506.26,271.2
55237.59,42,3,Salaried,Tier 2,14974.72,6818.74,617.37,4383.29,4472.08,6072.89,2387.26,3176.91,1788.51,581.46,1764.96,34.2,18891.26,8199.4,1251.48,534.87,1691.59,421.1,805.34,381.42,70.73,435.44
60065.56,57,3,Self-Employed,Tier 2,15218.09,1873.82,1890.93,4601.01,5220.92,2003.39,2120.56,2154.22,3091.66,3439.85,939.42,34.0,20422.29,17511.69,743.27,1257.14,554.89,442.6,538.32,749.45,784.92,172.42
46661.87,31,1,Self-Employed,Tier 2,13906.74,4465.5,1117.41,3885.91,2240.87,2737.64,1638.34,2061.79,1172.8,2335.8,2113.51,18.9,8819.09,8985.56,475.32,375.55,656.78,317.18,428.58,314.77,477.99,433.42
61912.27,58,2,Business Owner,Tier 1,17096.46,9665.2,1019.0,6546.63,5213.59,6322.12,2912.89,2150.22,2067.09,5297.15,3441.2,11.6,7181.82,180.72,1754.19,844.58,1221.14,365.45,587.37,398.47,1482.3,423.05
60602.58,30,1,Salaried,Tier 1,15751.9,3680.08,907.66,7314.82,3453.67,7087.42,3085.14,1995.96,1432.63,3216.15,2583.14,14.2,8605.57,10094.01,2190.31,989.51,1434.54,709.28,252.35,361.33,788.99,770.66
89625.77,45,0,Business Owner,Tier 1,25808.26,5587.09,3599.34,10419.6,5867.62,5860.86,5895.61,1908.56,2973.57,0.0,4363.88,34.8,31189.77,17341.38,1651.73,878.35,746.58,675.7,418.16,609.34,0.0,700.37
57054.83,56,1,Salaried,Tier 2,10200.74,35.84,2064.25,7461.16,5130.37,4033.77,1932.31,1954.73,3103.32,3854.88,1592.86,24.1,13750.21,15690.6,1280.01,1172.32,678.49,339.39,371.14,448.58,696.65,361.58
7162.43,56,2,Salaried,Tier 3,1927.21,249.6,162.44,992.65,590.88,553.06,475.46,341.64,234.61,388.62,137.23,18.9,1353.7,1109.03,286.21,91.6,76.07,115.06,63.02,39.3,70.29,29.68
66451.3,57,1,Freelancer,Tier 2,12255.09,11634.37,2229.28,8745.52,5738.61,7524.6,2239.59,1334.35,2511.57,1548.61,2800.17,17.2,11429.62,7889.54,2118.39,1155.92,1988.3,232.93,200.84,497.47,224.95,719.7
103206.53,39,2,Salaried,Tier 1,34584.97,9118.22,3572.14,5355.86,4084.83,10921.39,1432.54,3525.63,3116.71,5920.21,2723.47,16.4,16925.87,18850.56,852.27,1050.86,3090.22,306.56,615.07,509.2,612.54,432.4
39261.25,60,3,Self-Employed,Tier 2,6425.76,7728.46,775.43,4852.37,1369.45,1455.03,1915.68,2515.49,1295.85,3225.45,2080.99,26.6,10443.49,5621.29,1049.13,378.44,301.75,319.74,305.96,216.54,693.41,522.71
40042.4,53,2,Self-Employed,Tier 3,9453.01,3169.02,1705.99,2836.6,3705.46,2549.73,2048.3,1989.4,430.8,114.4,645.94,20.5,8208.69,11393.75,819.34,992.1,626.09,208.45,299.05,72.15,16.3,114.01
42898.13,45,2,Salaried,Tier 2,12404.4,6136.03,2103.98,2715.14,2451.56,2848.44,3235.28,2161.77,1037.59,2706.23,1358.72,34.1,14628.26,3738.99,712.35,530.61,354.04,446.72,333.76,129.25,383.38,247.6
44424.6,44,3,Salaried,Tier 3,10733.18,2504.83,2202.27,5057.69,2227.96,4394.02,2702.09,1784.46,1413.99,1553.02,1325.47,27.1,12039.07,8525.62,1256.16,333.67,974.18,778.71,435.65,165.34,194.25,310.88
57509.87,53,4,Salaried,Tier 1,9685.76,4184.53,2307.5,4714.33,4642.7,4617.43,4269.77,3095.39,2397.58,1683.15,3272.47,29.8,17137.94,12639.26,1166.32,1078.25,1110.76,872.01,339.6,262.05,232.14,840.56
73928.32,58,2,Freelancer,Tier 1,19271.32,2820.01,2630.51,4118.67,6546.29,6315.11,5439.96,2180.64,2402.86,2902.34,1305.33,17.3,12789.6,17995.28,558.51,1584.08,1203.37,1628.97,502.07,293.61,308.69,304.63
49719.71,33,3,Salaried,Tier 3,13838.31,3451.17,648.86,3170.28,4493.38,5957.42,2601.34,3029.79,1337.01,1700.53,521.68,12.0,5966.37,8969.94,839.92,458.95,885.6,533.18,437.14,225.61,399.36,146.06
68535.68,34,4,Salaried,Tier 2,19927.33,7501.06,1671.69,3433.15,3572.07,1884.46,3217.29,1770.58,2015.29,5703.81,1501.22,22.2,15214.92,16337.73,532.91,670.99,519.12,671.73,206.05,440.89,1028.28,235.74
81397.44,44,3,Salaried,Tier 1,18286.09,16145.55,1193.58,11421.88,7297.68,3443.19,3990.17,4297.79,1800.08,2236.78,4152.4,17.9,14570.14,7132.25,3267.5,1960.54,855.91,711.72,688.34,247.74,474.88,1163.18
44914.32,46,0,Business Owner,Tier 2,11800.43,5966.43,2613.62,2356.29,1476.13,2730.32,3525.02,1664.41,2525.29,0.0,919.22,15.1,6782.06,9337.16,407.47,292.15,764.41,571.08,241.16,701.02,0.0,115.98
11110.98,56,1,Salaried,Tier 3,2668.16,442.76,186.15,788.27,371.95,608.64,712.46,637.5,400.96,104.51,244.93,33.8,3755.51,3944.69,214.04,60.36,160.49,107.09,134.13,104.92,30.78,56.8
38636.75,51,1,Salaried,Tier 2,10988.72,347.43,679.57,3540.14,2845.46,856.37,673.77,1834.79,412.27,3675.89,637.31,21.1,8152.35,12145.03,542.51,780.68,255.26,113.65,314.62,84.15,417.78,133.53
42960.9,38,0,Self-Employed,Tier 2,11458.16,1085.68,2340.46,3679.91,1478.6,1253.5,2770.55,1830.89,471.38,0.0,1966.4,14.4,6186.37,14625.37,746.67,193.96,173.53,531.86,536.81,115.41,0.0,391.17
64533.99,41,2,Government Employee,Tier 1,16465.93,7260.79,3691.11,9110.43,3402.4,5685.14,1415.72,1837.35,3784.79,4560.74,868.54,15.0,9680.1,6451.05,1105.8,480.72,667.15,195.93,537.81,655.77,680.37,140.86
50893.29,46,2,Salaried,Tier 2,10173.82,7788.31,2457.71,2749.71,3923.51,5493.04,2102.63,2638.36,1072.45,1516.82,1351.75,17.0,8651.86,9625.18,638.0,931.73,919.54,304.83,497.97,115.13,296.3,271.36
44871.68,43,3,Salaried,Tier 2,6748.87,8439.64,460.84,4541.98,2405.51,3204.86,1109.77,3084.41,2256.17,1849.15,1082.53,35.0,15705.09,9687.95,1213.69,410.11,403.17,171.25,798.92,633.68,525.33,143.28
37581.82,34,0,Salaried,Tier 3,6945.73,118.93,378.35,4436.46,1599.93,2778.01,2189.92,2303.02,485.32,0.0,1419.01,16.7,6276.16,14927.14,1081.12,388.15,568.45,415.76,236.41,60.94,0.0,246.72
53039.41,40,3,Self-Employed,Tier 3,9197.73,5545.38,1533.11,7593.64,2635.77,2413.79,3787.63,1219.93,2973.29,4946.12,2467.44,18.2,9653.17,8725.58,1554.05,346.71,546.98,873.29,255.65,861.03,1149.43,295.44
28903.07,57,2,Salaried,Tier 3,6931.45,2721.9,496.26,3238.22,1792.87,2797.46,876.5,1121.77,1552.7,1410.77,1059.12,26.5,7659.31,4904.05,353.04,269.74,603.29,237.73,278.94,332.86,265.58,227.04
54257.0,33,2,Self-Employed,Tier 1,14782.41,7119.12,592.45,7073.78,3433.22,5164.15,854.05,3596.11,2091.86,3420.62,3068.3,17.3,9386.46,3060.93,2027.97,450.88,784.17,134.45,515.64,337.03,801.19,365.6
39474.39,40,3,Business Owner,Tier 2,7603.44,4417.81,1310.68,2304.22,3347.82,3112.03,1219.54,1782.36,412.5,2898.49,2272.62,15.4,6079.06,8792.88,555.54,972.82,876.86,166.77,200.04,82.13,308.62,300.14
58753.83,33,2,Business Owner,Tier 2,19847.71,8073.24,3357.96,5205.23,4847.82,2424.56,3352.81,3120.16,1344.91,2180.39,1649.41,14.0,8225.54,3349.63,1297.0,877.85,252.72,589.32,409.31,269.42,473.68,193.13
60169.16,30,1,Salaried,Tier 2,9105.79,7919.26,1575.89,5258.47,3729.12,1787.13,1986.38,3948.9,1825.6,4332.79,2941.31,17.8,10710.11,15758.52,1361.61,624.42,303.1,553.95,743.85,191.06,913.16,518.44
56091.28,28,3,Freelancer,Tier 2,17077.56,1312.67,2415.12,7775.87,5003.16,1482.15,1652.89,3572.44,1851.19,3791.73,2632.93,12.6,7067.5,7523.57,1940.46,514.53,361.35,168.55,719.04,316.72,642.05,706.66
54511.06,49,1,Self-Employed,Tier 3,14992.77,8718.69,2322.81,3550.69,2071.23,4321.07,1248.87,2457.96,1356.45,3846.62,2978.93,10.5,5723.66,6644.97,668.32,270.68,1094.9,294.2,433.04,336.36,539.69,838.21
47204.55,35,0,Self-Employed,Tier 2,10607.38,1163.43,1064.65,3077.2,2259.91,4838.63,2116.0,1977.04,549.81,0.0,1529.29,30.1,14208.57,18021.21,759.22,416.34,886.55,413.53,371.67,111.07,0.0,174.92
